book_id,title,author,isbn,library_id
1,Major might staff feel they probably detail,Justin Tran,978-0-524-14869-3,3
2,Result entire want perform success agent current,Cheryl Murphy,978-0-07-267019-6,1
3,Approach hospital north method window,Michele Hernandez,978-1-61446-936-0,3
4,Whose question lead effect difference protect,Leslie Sanchez,978-1-5403-7823-1,3
5,Material about even story allow its she require,Anthony Lopez,978-0-669-80401-0,2
6,Today deal current drive,Rachel Ortiz,978-0-916455-86-6,4
7,Seem street open maintain southern long take,Robert Miller,978-1-912487-98-1,5
8,Hot contain time teacher generation,Nicole Harris,978-1-82928-428-4,1
9,Prove seem fish anyone you approach,Louis Richards Jr.,978-0-02-605294-8,2
10,Involve they so stage game operation,Danielle Christian,978-1-926462-61-5,2
11,Nation option new,Valerie Wilson,978-0-901202-77-2,3
12,Myself eat entire language possible,Luis Burgess,978-1-911791-71-3,3
13,Yeah out letter miss view name first,Shawn Shepherd,978-0-369-25352-1,5
14,Blood most option arrive its,Donna Collins,978-0-385-22382-9,2
15,Success leg let ever small sport,Anna White,978-1-923059-96-2,1
16,Truth stop final them middle paper,Felicia Johnson,978-0-332-69710-9,2
17,High minute look seek thousand six question,Ian Cardenas,978-1-02-643777-3,3
18,Herself focus white various less if,Tamara Lopez,978-0-88505-581-4,3
19,Side another society deal machine,Robert Lee,978-0-7633-9004-4,2
20,Off for compare during cultural become,Andrea Patterson,978-0-9959510-5-1,4
21,Part relate around hair population eight,Mitchell Dillon,978-0-9781338-9-4,3
22,Current everything affect mouth,Jacob Hardin,978-0-933880-55-9,4
23,Happen region whatever movement edge reality,Monique King,978-1-4980-8508-3,5
24,By hair be let,Heidi Davis,978-1-04-802541-5,5
25,When hot affect thank. Maintain fish he war,Christina Lopez,978-1-212-96612-4,1
26,Nice situation specific serve various,Kurt Bell,978-1-62650-133-1,1
27,Participant girl brother speech,Jennifer Nichols,978-0-555-70390-8,1
28,Time direction size analysis response,Linda Rios,978-0-327-77985-8,5
29,Kid pattern visit year charge,Jerome Jackson,978-0-685-71575-8,4
30,Four president positive,Meghan Anderson,978-0-663-88797-2,3
31,Book partner bad claim,Marie Richards,978-1-66218-980-7,4
32,Change us event try also law,Ruth Downs,978-1-68448-157-6,4
33,Serve figure under provide year push,Hannah Cook,978-0-529-12237-7,5
34,Work himself true talk can receive score,Eric Hurley,978-1-81002-526-1,2
35,When tough full system prevent girl nothing,Joshua Henderson,978-1-57693-180-6,5
36,System air current marriage wait himself,Matthew Ramirez,978-0-916462-42-0,4
37,Keep example tree process nor,Andrew Mitchell,978-1-208-06040-9,4
38,Price car every even best of once,Tina Flowers,978-1-68415-341-1,2
39,Often test court paper pressure enter onto,Christopher Griffin,978-0-02-457683-5,3
40,Game purpose month yard,Regina Hall,978-0-218-24617-9,3
41,Natural top day adult,Michelle Thornton,978-0-553-08622-5,2
42,Teacher build prepare bed off compare,Shelby Berger,978-0-03-350848-3,3
43,Why long fund ground away carry information,Edward Taylor,978-0-520-86105-3,1
44,After draw suggest final one provide conference,Garrett Hall,978-0-455-37093-4,4
45,Early paper value I image bag,Mary Ross,978-0-556-48936-8,3
46,World network else feel,Sarah Johnson,978-0-626-61662-5,2
47,Week capital floor throughout four court,Alexandria Palmer,978-1-4202-8825-4,2
48,Expert compare speak,Amy Adams,978-0-15-859481-1,2
49,No real bit outside training raise,Robert Davis,978-1-64162-431-2,4
50,Quickly fire decision main probably clear,Kara Wallace,978-0-9942410-5-4,1
51,Own front project move laugh sea,Lisa Acevedo,978-0-268-97033-8,3
52,Specific paper listen size,Stefanie Ramirez,978-0-7073-4147-7,1
53,Reality also item wait memory,Kelli Garcia,978-0-623-64479-9,2
54,Local soldier raise popular,Thomas Carlson,978-1-255-78949-0,3
55,Argue region charge upon deal,Stephen Williams,978-0-9693158-4-1,5
56,Enough any next song,Krystal Mclaughlin,978-1-04-366290-5,2
57,Situation dream peace sense,Tonya Ramos,978-0-304-12758-0,3
58,Financial discuss poor yet issue offer,Brittany Johnson,978-0-08-407324-4,3
59,Similar instead great young painting beyond,Diana Marquez,978-1-315-44384-3,4
60,Market daughter product knowledge television,Christopher Rangel,978-0-235-85271-1,5
61,Know positive bed beat civil own example,Julia Cannon,978-0-320-09550-4,3
62,Floor become along those history young,Keith Strickland,978-0-8155-2856-2,5
63,Interest hair save wife teacher,Vanessa Williams,978-0-05-028947-1,4
64,Me but entire player rock money,Angela Chandler,978-0-8498-2542-2,2
65,Can perhaps base parent meet manager heart,John Garrett,978-0-9574613-0-7,1
66,On year cost tax control defense,Donald Rogers,978-1-9995039-6-3,5
67,Onto and available,Nicole Jackson,978-1-301-71350-9,2
68,Improve hundred institution feel wait together,Karen Nichols,978-1-63292-477-3,4
69,Protect anyone tough tough save what,Catherine Smith,978-0-06-534802-6,5
70,Sometimes usually economic our gas nature,Adrian Turner,978-0-01-032796-0,1
71,Would state third last send weight Mrs full,Leslie Lucas,978-1-4600-6636-2,3
72,There agent threat hear tend difference town,Stacey Lee,978-1-63752-918-8,4
73,White hope already home provide,Courtney Neal,978-1-4714-6388-4,4
74,Social key worker notice,John Vincent,978-0-650-45343-2,3
75,Late still standard team three,Kathleen Knight,978-1-08-645871-8,5
76,Every project protect I leg without,Deborah Jimenez,978-0-08-321458-7,3
77,Item as throughout last short car indeed,Evan Baker,978-1-77297-709-7,3
78,Half although chance plant,Amy Taylor,978-0-475-72224-9,5
79,About work serve care say,Amanda Robinson,978-1-55478-353-3,1
80,Himself budget word point,David Ray,978-1-113-05155-4,5
81,Window because chair through why,Raven Allen,978-0-7270-8698-3,1
82,Several simply why,Joshua Mckay,978-1-386-83893-7,1
83,Relationship his color after,Nancy Hill,978-1-67072-954-5,1
84,Let both even thousand on,Jared Dominguez,978-0-308-14681-5,2
85,Lead meet behavior network,Calvin Mercado,978-1-80823-195-7,4
86,Measure mission small onto table shake,Brendan Hart,978-0-01-879310-1,3
87,Under phone black religious movie degree bed,Nicholas Johnson,978-0-652-23490-9,4
88,Strong democratic expert choice ahead,Timothy Long,978-1-4058-2524-5,4
89,Card try modern. World rest history hair leave,Adam Hawkins,978-1-5309-7782-6,2
90,Current yourself result writer six vote,Christopher Robinson,978-0-287-45553-3,1
91,Start body shoulder style scene claim political,Christopher Griffin,978-0-582-57463-2,1
92,Walk try practice respond truth team deep,Zachary Juarez,978-0-472-81928-7,4
93,Important commercial ground indicate,Thomas Martinez,978-0-388-58097-4,3
94,Throw week finally right,Anthony White,978-1-228-98925-4,1
95,Away later choice play send,Eric Rivera DDS,978-0-339-41533-1,4
96,High manage be road,Jessica Martin,978-0-7941-7790-4,2
97,Assume recent think when total national,Kim Clark,978-1-86081-435-8,4
98,Likely blue hand begin,John Moreno MD,978-1-78483-074-8,2
99,Today player author begin,Lori White,978-1-883826-07-9,5
100,Imagine our tell know seek difference,Mark Gordon,978-1-62485-250-3,1
101,Area state half president bed anything then,Jennifer Bowen,978-0-87212-097-6,2
102,With call result social,Dennis Lee,978-1-07-934705-0,3
103,No trouble present happy in base wonder,Thomas Berg,978-1-286-55370-1,1
104,Significant camera line page entire,Melissa Schneider,978-1-83562-324-4,4
105,Race result former use evening write,Patricia Smith,978-1-890184-01-8,3
106,Operation international parent event enough,Nicholas Holt,978-0-08-105166-5,3
107,Laugh fine listen space key enjoy ball,Tracy French,978-0-490-98392-2,2
108,Memory very always seat,Elaine Hicks,978-1-966814-60-3,3
109,Research another report well whole,Michael Kline,978-0-917067-30-3,4
110,Past total kind mind either less art,Jessica Atkinson,978-1-66635-406-5,1
111,Financial late sure imagine night main art,Laura Taylor,978-0-7569-1287-1,2
112,Letter success involve everybody yard less,Tracy Brewer,978-1-363-02635-7,3
113,Form none close writer war fill hair,Adam Chapman,978-0-904956-56-6,2
114,Him decision another simple,Gary Brown,978-0-237-02596-0,2
115,Owner also edge ability. Much do hair top free,Veronica Kelly,978-0-7180-4240-0,5
116,Quite full six choice investment,Austin Villanueva,978-0-915787-09-8,4
117,Brother painting process never area guess,Adam Foster,978-0-556-70004-3,3
118,Body herself month another second morning,Christopher Williams,978-1-64096-453-2,5
119,Area million financial week executive,Megan Garrett,978-1-69681-273-3,4
120,Establish chance teach class beautiful address,Evan Lambert,978-0-13-687736-3,5
121,Serve life study address play heavy no,Jody Franklin,978-1-65860-495-6,1
122,Model model law deep budget,Seth Meyers,978-1-4752-5218-7,1
123,Middle play beyond concern improve same,Carlos Hernandez,978-1-5326-7239-2,5
124,Want dog huge realize especially success night,Shane Franklin,978-0-338-86994-4,2
125,Or within value compare court with home,Emily Brown,978-0-9543564-7-7,1
126,Kid give their together course church,Ashley Robles,978-1-80447-621-5,1
127,Assume individual present Mrs defense,Brandon Clark,978-1-72739-271-5,2
128,Research discuss dinner risk south night energy,Bryan Massey,978-1-72952-391-9,5
129,Trade newspaper treat more organization oil,Destiny Robinson,978-0-13-105445-5,2
130,Think board eight mother whether,Brian Hernandez,978-1-4899-3415-4,4
131,Material day yourself use should,Joseph Hunt,978-0-9886117-9-5,2
132,Much amount here base term herself,Christopher Guzman,978-0-527-89874-8,1
133,Away heart conference sell,Patricia Woods,978-0-88749-439-0,1
134,Good last ten learn along,Christina Page,978-0-18-186443-1,4
135,Social matter education,Jeffrey Mays,978-1-86407-895-4,4
136,Try sell series interest simply,Cynthia Richardson,978-1-79066-051-3,4
137,Past leave pattern style not shake,Angel Smith,978-0-257-71876-7,2
138,Street heart talk agency until picture,Raymond Burnett,978-0-7322-1410-4,2
139,Low effect seat. Hot site live or,John Williamson DDS,978-1-4348-0769-4,3
140,Your rate economy happy,Scott Morton,978-1-09-642897-8,3
141,Officer if between how consumer nearly end,Shannon Greene,978-0-699-69028-7,2
142,Save two big agent fact certain garden only,Edward Fuentes,978-0-08-013078-1,2
143,Song institution recently team,Dylan Cuevas,978-0-09-317948-7,3
144,Business Mrs serve benefit,Crystal Martinez,978-1-4719-8856-1,2
145,What claim to only at. Step cover join,Elizabeth Aguilar,978-1-4835-6147-9,3
146,Risk meeting cover indicate,Melissa Cowan,978-0-7763-9292-9,3
147,Herself school reason remember kitchen,Lisa Hicks,978-1-167-19890-8,3
148,Area on market the,Scott Henry,978-0-7716-5608-8,5
149,Discussion high describe sport field,Jennifer Robinson,978-1-328-34530-1,4
150,Environment reveal catch article able,Victoria Foster,978-0-699-52921-1,5
151,Behavior do anyone oil,Robert Jones,978-1-120-24276-1,2
152,Mention drive morning suggest often power,Charles Jackson,978-1-62971-871-2,2
153,It eat itself environmental make member ago,Daniel Arnold,978-1-180-36128-0,1
154,Law much baby authority right task,David Rodriguez,978-0-14-791602-0,2
155,Morning best father away,Arthur Smith,978-1-61293-296-5,2
156,Look evening next theory,Joseph Hill,978-0-320-48401-8,5
157,Four leader good fill might wear us,Alexander Larson,978-0-545-51582-5,5
158,However work dog wait provide music,Samuel Williams,978-0-521-61337-8,1
159,Road hair like fall successful quickly,Angela Harris,978-0-478-74052-3,3
160,Note yard him course something course land man,Jennifer Bell,978-1-363-79307-5,3
161,Look old common manage cover,Sierra Fleming,978-0-431-20337-9,1
162,Worry dog road budget those,Erik Carpenter,978-0-664-94880-1,1
163,Door relationship each own recently,Russell Olson,978-0-541-82371-9,5
164,Skin behavior film remember without small,Patricia Johnston,978-0-276-54426-2,5
165,Capital goal wall. Make stay sit quickly,Rebecca Savage,978-0-325-00327-6,4
166,Smile last experience similar,Richard Gross,978-0-223-21157-5,2
167,Get just fight increase,Martha Cordova,978-0-551-16077-4,3
168,Big plan always they. Game government war public,Rebecca Hill,978-0-276-27958-4,4
169,Watch report trade fill,Crystal Griffin,978-0-9696007-0-1,3
170,Art establish power seem act scene,Jacqueline Wood,978-1-08-750726-2,2
171,Instead learn loss hand every,Dr. Donna Webb,978-0-7304-6576-8,5
172,Stage drug go yard,Shannon Jackson,978-0-613-06066-0,4
173,Goal tree large. Realize positive like her,Eugene Bruce,978-1-86217-633-1,2
174,Agent newspaper own letter,David Turner,978-0-8192-2466-8,5
175,Suddenly system less peace technology with,Laura Rojas,978-1-56184-970-3,2
176,Over letter indicate give culture also learn,Eric Coleman,978-0-937747-95-7,2
177,Finally range mission network Mr allow,Laura Barton,978-1-70604-514-4,4
178,Get parent age deal meeting bring,Dana Schwartz,978-1-75658-167-8,2
179,Right but investment such though similar return,Chad Rhodes Jr.,978-1-378-22234-8,3
180,Attention water never stand third wrong short,Tracy Williams,978-0-08-364182-6,3
181,Fish unit agency house,Carrie Patterson,978-1-219-92336-6,5
182,Reduce let upon rich,Daniel Ramirez,978-0-7305-0220-3,2
183,Laugh religious color,Kathy Jacobs,978-1-4780-8441-9,1
184,Reduce yet simply field most else,Susan Nicholson,978-1-67336-935-9,2
185,Stand media claim enter guess discuss bad,James Vargas,978-0-647-56991-7,3
186,Pass manage begin let window her,Jennifer Stuart,978-1-5470-8008-3,2
187,They part street response phone remain military,Michelle Bell,978-0-9708984-5-6,1
188,Eye if less air. Hear more too while,April Nguyen,978-1-05-823881-2,4
189,Force Mr doctor either culture season,Gerald Vega,978-0-7931-6423-3,1
190,Will science their direction same smile,Samantha Castillo,978-0-8365-0252-7,1
191,That beat want him assume,Terry Ryan,978-0-440-42807-7,2
192,Attack student present later if would,Cody Guzman,978-1-80732-145-1,3
193,Lead however consider among amount,Jordan Booker,978-0-07-010116-6,1
194,Other report whose current list close,Lauren King,978-0-387-64332-8,1
195,What them dark performance office else,Jennifer Cummings,978-0-19-348892-2,3
196,Learn least seek future available,Misty Perez,978-1-307-14117-7,5
197,Ten after very wish large heart,Tyler White,978-1-992279-73-5,4
198,Everyone art several professional stand because,Russell Roberts,978-1-86627-477-4,4
199,Concern show skill maybe poor anyone myself,Angela Clark,978-1-304-58649-0,4
200,Week perform boy general hot begin case,Amy Johnson,978-1-261-07419-1,4
