event_id,event_name,event_date,location,organized_by
1,Staff less place,2023-07-15,"Unit 9436 Box 0996
DPO AA 99932",67
2,Baby PM person now,2022-05-20,"688 Fitzgerald View Apt. 181
Lake Mark, TX 25447",36
3,Value catch charge black we which ok,2023-11-08,"46850 Miller Brooks Suite 964
East Donna, MN 59288",78
4,True decade alone magazine their do,2022-08-08,"650 Bryan Crossing
East Daniel, NE 45668",48
5,End short bring,2022-01-08,"Unit 5105 Box 6179
DPO AP 26409",62
6,Moment street control almost its side democratic,2024-06-25,"48702 William Rest Apt. 939
Dorothyburgh, VI 23928",61
7,Final matter tend figure six three look,2020-05-26,"8632 Smith Meadows Apt. 247
West Hannah, ME 67352",75
8,Clearly forward benefit evening,2023-08-04,"14048 Nicholas Brooks Apt. 104
Port Emilyville, PR 87410",75
9,Day moment across class from dream,2023-11-11,"87236 Christopher Via Suite 492
Anthonyside, ID 24430",31
10,Agent window along page our candidate loss,2023-12-28,"27070 Macias Hill Suite 042
Port Lauriechester, IN 75563",99
11,Year carry impact describe consumer,2024-07-17,"71304 Keith Camp
Port Tarashire, NC 38192",65
12,President apply four see street,2023-05-10,"81074 Schwartz Crossing Apt. 841
West Jeffreyborough, PA 66866",75
13,Budget war leave minute father,2021-01-31,"802 Jonathan Plaza Apt. 530
Drakefort, MA 48033",74
14,Sometimes almost evening. Party parent accept,2021-01-04,"001 Monica Centers
West Andrewmouth, IL 90602",87
15,Us forward six treatment. Try he send war,2024-10-04,"65026 Estrada Summit
South Douglas, IA 97134",56
16,Stand might tax down lead if,2024-11-29,"5146 Stephanie Field Apt. 150
Jonesberg, VA 13896",43
17,Owner foot common answer while green,2020-02-19,"3769 Lisa Wall Suite 550
East Paul, LA 45978",78
18,Spend voice movie shake,2022-09-05,"425 Logan Highway Apt. 755
South Alejandratown, WY 07787",34
19,Response southern four yet Mr party,2022-10-12,"323 Hernandez Stream Suite 716
West Wendyhaven, UT 62991",90
20,Car hot but position media,2024-01-31,"1104 Scott Vista
Martinview, CA 58519",72
21,Pass agency role true Republican. Late true hand,2023-01-02,"426 Bailey Plains Apt. 248
Wrighthaven, FM 63569",42
22,Pretty seat tell treatment bag,2020-03-03,"920 Allen Trafficway Apt. 130
Helenfurt, HI 57276",81
23,Trouble whether agree. Care wait heavy over,2021-10-12,"03505 Joseph Viaduct
Rebeccahaven, PA 29673",1
24,Seem responsibility final edge,2023-06-26,"52725 Gutierrez Mountains
Burchmouth, NJ 89646",37
25,Building challenge huge,2022-09-24,"678 Lori Village Apt. 486
Thompsonhaven, ME 17750",30
26,Say American usually run attention as,2020-05-03,"017 Vazquez Valleys Apt. 205
Ericton, NH 87690",71
27,Goal community coach person,2020-11-10,"119 Scott Springs Suite 192
Williamsbury, UT 85324",78
28,Together from PM weight very school,2021-07-27,"911 Victor Parkway
Wufurt, IA 96876",25
29,Technology move middle bag board defense,2022-11-01,"4544 Sosa Valleys Apt. 922
Carolinemouth, KS 74795",72
30,Born couple third campaign entire,2022-12-16,"PSC 2314, Box 2196
APO AA 12719",80
31,Level this me campaign yard your,2021-05-15,"98692 Stokes Mount Suite 875
Ianchester, DC 12983",55
32,Author life hotel world kind recent,2024-04-09,"880 Michele Lane
Ashleyfort, WY 00582",89
33,Stand feel here somebody safe position sister,2021-04-01,"976 Stephen Camp Apt. 930
New Michaelview, NE 25545",86
34,Particular reality expect catch town rise family,2022-10-19,"71647 Angela Isle Apt. 384
Lake Johnnyshire, AZ 53629",58
35,Plan data spend total,2024-10-10,"Unit 4367 Box 0246
DPO AA 47887",34
36,If husband seem but little thus,2023-09-17,"7777 Richard Mount
Mooreview, SD 64061",80
37,Test talk style magazine research beat her,2020-05-08,"19054 Johnson Route Apt. 582
Georgeside, SC 75470",87
38,Key ever face. Letter election common,2020-05-21,"638 Jessica Spur
Crawfordchester, MN 64554",84
39,Test dinner just difference laugh since win she,2024-07-18,"5763 Lindsey Island
Brooketon, ME 17032",19
40,Section real public need office husband step,2023-07-06,"74666 Caitlin Lodge Apt. 396
New Vanessaville, MA 03041",78
41,Best white similar,2023-06-23,"73377 Ryan Estates
Jaredchester, IL 77386",12
42,Almost property enjoy space,2023-04-18,"924 Jones Flats
South Stefanietown, NV 85775",51
43,Bad sing work federal plan baby,2022-08-10,"PSC 4037, Box 8528
APO AA 21075",75
44,Hot activity education affect,2022-05-22,"20186 Thomas Mountain
New Jacobbury, FM 99149",19
45,Leg call million forward report,2023-08-19,"52734 Johnathan Shoal
Johnsonview, NC 91121",24
46,Price sort type responsibility,2021-02-13,"6447 Tracy Keys Suite 571
Ronaldton, WA 79923",45
47,Trouble front level act party,2021-02-26,"0779 Lori Via
Jenniferview, NE 09896",25
48,Language serious man hard drop,2021-10-31,"6141 Rodriguez Coves Apt. 764
Juliaport, RI 83094",55
49,After between four significant nor real learn,2021-07-18,"USCGC Ferguson
FPO AA 54587",58
50,Per who door line light onto article,2023-07-04,"648 Kimberly Stream Apt. 617
Cynthiaton, SC 01185",15
