student_id,first_name,last_name,email,dob,gender,enrollment_date
1,Brian,Graves,uwright@example.org,1999-08-14,M,2017-09-13
2,Michelle,Hansen,williamskevin@example.net,2006-12-15,M,2018-06-29
3,Robert,Harris,slee@example.com,2004-05-21,F,2023-07-07
4,Luis,Wood,beckygarza@example.net,2004-07-02,F,2021-01-27
5,Jonathan,Hubbard,crobinson@example.net,2003-09-25,F,2021-03-19
6,Stephen,Pineda,halljeffrey@example.com,2006-11-05,M,2023-07-26
7,Tiffany,Gomez,adrian88@example.com,2004-10-25,F,2019-04-28
8,Jessica,Chung,sharonwallace@example.com,2004-10-06,F,2015-03-21
9,Jason,Barker,alvaradowilliam@example.net,2002-10-30,M,2016-08-29
10,Ronald,Mahoney,bstewart@example.org,2005-05-22,M,2023-12-22
11,Brian,Medina,sloancarol@example.org,1999-03-05,M,2021-01-28
12,Brandon,James,jodihenry@example.com,2005-10-13,F,2017-06-08
13,Raymond,Carlson,fstout@example.net,2001-07-23,M,2020-11-15
14,Matthew,Ramirez,zachary84@example.org,2002-04-26,F,2021-07-09
15,Jessica,Frederick,santosdavid@example.org,1999-12-31,M,2020-12-10
16,Ronald,Wells,pamelalewis@example.com,2004-04-09,M,2015-02-02
17,Sabrina,Cooper,ryan61@example.com,2002-01-03,F,2015-02-15
18,Gregg,Pham,martin39@example.net,2004-11-12,M,2019-11-06
19,Mark,Reyes,ramosemily@example.net,2003-01-25,F,2023-06-08
20,Matthew,Mcbride,uwarren@example.org,2004-10-29,M,2022-11-02
21,Nicole,Booker,williamsjamie@example.net,2003-10-14,F,2023-10-30
22,Jonathan,Mendez,wtaylor@example.net,2003-04-12,F,2016-02-22
23,Lisa,Parker,johngraham@example.com,2000-08-01,F,2017-06-03
24,Mary,Kelly,leondiane@example.net,2006-06-19,M,2022-04-09
25,Ralph,Flores,johnharris@example.com,2000-03-09,F,2020-05-09
26,Erica,Diaz,martinezmichael@example.org,2005-08-18,M,2020-07-05
27,Richard,Ward,christina89@example.org,2001-01-04,M,2021-09-03
28,Manuel,Rios,ncooper@example.org,2004-11-16,M,2018-11-26
29,Eric,Watts,craigjackson@example.net,2006-12-04,F,2021-05-18
30,Edward,Adams,grossstacey@example.com,2006-05-19,F,2022-04-09
31,Robert,Clark,ruizdebbie@example.net,2001-05-11,M,2021-05-16
32,Laurie,Ford,kathleen97@example.org,2004-12-16,M,2020-06-16
33,Brianna,Obrien,xyork@example.net,2000-02-24,M,2023-10-27
34,Walter,Ferguson,roger10@example.com,2001-02-25,F,2023-11-20
35,Robin,Bryan,turnertina@example.com,2004-07-07,F,2019-02-11
36,Autumn,Swanson,fherman@example.org,2002-11-27,M,2019-02-20
37,Michael,Peterson,vargascarolyn@example.net,2000-11-28,F,2021-10-29
38,Jennifer,Jimenez,justin97@example.net,2001-04-03,M,2017-09-17
39,Donna,Vargas,dennisevans@example.net,2001-03-16,M,2022-03-29
40,Michael,Bailey,suzanne70@example.net,2002-01-20,F,2021-01-31
41,Joshua,Hart,xyoung@example.org,1999-05-17,F,2019-07-10
42,Richard,Summers,wallacedustin@example.net,2001-07-09,M,2020-10-06
43,Joshua,Mckay,montesbreanna@example.org,2004-05-20,M,2021-07-22
44,Darryl,Crawford,stevensonkevin@example.com,2001-10-01,F,2015-06-07
45,Dylan,Brown,roberthanna@example.net,2002-12-25,F,2015-07-19
46,Jamie,Moore,vincentmark@example.com,2004-09-21,M,2021-08-02
47,Brittany,Irwin,xjones@example.net,1999-06-12,M,2021-01-12
48,Nicole,Guerra,lisa39@example.net,2001-08-06,M,2016-01-22
49,Alejandro,Shelton,joseph27@example.org,2004-07-23,F,2023-03-14
50,Amy,Miller,cmiller@example.org,2004-11-16,F,2020-03-07
51,James,Rose,umolina@example.com,1999-08-30,F,2021-12-22
52,Tom,Salazar,jamesmorgan@example.com,2005-08-09,M,2017-07-02
53,Kimberly,Martin,kingtanya@example.net,1999-12-18,F,2021-12-07
54,Gary,Moore,adrianasimmons@example.net,2003-11-28,F,2015-05-07
55,Jillian,Davis,sara39@example.net,2000-06-13,F,2020-03-04
56,Donna,Hawkins,robert53@example.net,2002-11-19,F,2019-06-15
57,Rodney,Young,waltersmith@example.org,2006-09-09,F,2020-08-23
58,Christina,Dixon,bgonzalez@example.org,1999-04-16,F,2018-06-24
59,Johnny,Crosby,whiteheadanthony@example.org,2001-03-30,F,2020-04-11
60,Phillip,Martin,robert84@example.net,2002-01-24,F,2020-03-02
61,Timothy,Patterson,kirbyzachary@example.com,2006-12-26,F,2017-04-28
62,William,Hanson,lauratucker@example.org,2006-01-09,F,2018-04-16
63,Robin,Robinson,mary41@example.org,2007-01-20,F,2017-08-30
64,Rodney,Rhodes,ulara@example.com,2001-02-04,M,2015-06-23
65,Candace,Adams,twhite@example.com,2004-09-14,M,2020-08-19
66,Zachary,Wilcox,melissa07@example.org,2003-11-09,M,2016-06-23
67,Benjamin,Brown,ericsutton@example.net,2000-12-10,F,2017-09-08
68,Ryan,Mcmahon,john30@example.org,2005-02-20,F,2021-10-17
69,Nathan,Hanson,bridgetwells@example.org,2002-01-25,M,2019-01-15
70,Nancy,Torres,yparker@example.net,2002-02-04,M,2021-03-04
71,Samantha,Williams,karapruitt@example.net,2006-08-15,F,2022-03-06
72,Juan,Taylor,myersrobin@example.org,2002-09-23,M,2016-10-18
73,Rebecca,Parker,chernandez@example.org,2003-04-06,F,2023-01-17
74,Sara,Torres,johnshaw@example.com,2000-06-28,F,2015-06-06
75,Kaitlyn,Dillon,qperry@example.com,2003-04-10,F,2020-11-25
76,Michael,Harmon,coreywilkinson@example.com,2002-10-11,F,2015-04-14
77,Jessica,Flynn,panthony@example.com,2001-06-24,M,2016-07-25
78,Robert,Lawrence,jerry54@example.com,2006-03-16,F,2020-05-16
79,Adam,Young,nicholegrant@example.net,2005-10-14,F,2022-07-19
80,Megan,Delgado,cranejohn@example.org,2004-01-28,M,2016-08-14
81,Jason,Cohen,matthew04@example.net,2003-03-14,M,2020-04-29
82,Nicole,Perry,brandypena@example.com,2004-07-19,F,2017-07-06
83,Benjamin,Hunt,michael81@example.net,2004-03-29,F,2019-07-17
84,Veronica,Camacho,michael29@example.net,2003-05-15,F,2022-03-11
85,Steven,Sullivan,ian91@example.net,2006-12-19,F,2017-11-04
86,Rachel,Martinez,craig26@example.com,2001-09-09,F,2018-04-07
87,Nathaniel,Edwards,baileydeborah@example.com,2002-06-13,M,2021-08-11
88,Emily,Kelly,sandersann@example.org,2000-08-06,M,2017-03-28
89,William,Newman,patrickjacobs@example.net,2004-02-26,F,2023-05-31
90,Molly,White,pjackson@example.org,2005-08-20,M,2020-06-22
91,Jenna,Mora,megan77@example.org,2001-01-15,M,2019-10-22
92,Jason,Blanchard,arthurhansen@example.net,2001-09-01,M,2015-11-07
93,Michael,Alexander,wsolomon@example.org,2006-08-01,F,2020-11-30
94,Gregory,Smith,hendersonbrian@example.org,2003-04-04,F,2020-05-13
95,Austin,Dougherty,riverajoshua@example.org,2005-12-09,F,2023-05-04
96,Michael,Taylor,sfields@example.com,2006-11-18,F,2018-07-10
97,Thomas,Bruce,cervanteselizabeth@example.com,2002-10-19,F,2018-09-15
98,Mary,Grant,jessicawashington@example.org,1999-03-20,F,2021-07-26
99,David,Perez,robertrivers@example.com,2006-10-18,M,2017-02-20
100,Karen,Silva,aliciahansen@example.com,2006-07-01,M,2022-03-15
101,Robert,Smith,xbrown@example.com,2004-03-11,F,2015-12-13
102,Miranda,Robles,paige66@example.com,2001-06-09,M,2017-11-09
103,Sara,Reyes,rchapman@example.org,2003-08-28,M,2022-11-26
104,Dustin,Hart,gfloyd@example.com,1999-03-30,F,2019-02-25
105,David,Jenkins,jaclyndaniel@example.com,2001-08-29,F,2022-04-30
106,Emily,Richardson,bryandonna@example.net,2000-03-01,M,2015-09-16
107,Joshua,Thompson,lisapena@example.net,1999-11-19,M,2020-10-14
108,Kevin,Chapman,steven86@example.com,1999-09-03,F,2022-10-24
109,Audrey,Allen,lhall@example.org,2006-11-02,M,2016-10-06
110,Sheila,Greene,phamelizabeth@example.net,2007-01-18,F,2023-11-10
111,Tony,Pierce,patricia72@example.org,2004-06-05,F,2015-05-02
112,Patrick,Fry,halljill@example.net,2000-03-08,M,2018-04-07
113,Sarah,Carr,pnelson@example.org,2001-01-02,F,2016-07-21
114,Mary,Thomas,bonniemaddox@example.net,2001-03-01,M,2018-06-02
115,John,Calhoun,dianeyoung@example.com,2006-10-05,M,2015-03-14
116,Jeremy,Chambers,hhoward@example.net,2003-06-06,F,2019-02-26
117,Monique,Ramirez,robertgray@example.com,2001-11-07,M,2016-03-01
118,Barbara,Cabrera,curtishall@example.org,2003-06-19,M,2020-10-17
119,Ashley,Lewis,jonathan24@example.com,2006-09-15,M,2022-03-16
120,Sarah,Warren,abbottrobert@example.net,2001-12-26,M,2018-08-18
121,Melissa,Johnson,gary48@example.com,2005-01-25,M,2015-06-04
122,Russell,Roy,benjaminmontgomery@example.net,2003-05-25,M,2019-12-20
123,Jeremy,Juarez,potterandrew@example.net,2000-04-11,M,2020-09-26
124,James,Dawson,zbernard@example.net,2003-04-21,M,2018-12-20
125,Kim,Rowe,garciajennifer@example.net,2006-05-04,F,2020-02-20
126,Raymond,Roth,vroach@example.com,2004-10-05,F,2017-05-03
127,Peter,Clayton,isheppard@example.com,2000-08-29,M,2023-04-04
128,Gabriel,Wheeler,ydaniels@example.net,2006-09-03,F,2016-01-07
129,Gary,Grimes,saragreen@example.org,2006-05-05,F,2019-03-28
130,George,Liu,kathyjohnson@example.net,2000-05-10,F,2020-08-17
131,Anna,Vance,kristen02@example.org,2005-03-23,F,2019-02-02
132,Debra,Wright,brooke50@example.com,2000-01-24,F,2023-10-12
133,Barbara,Nunez,lblack@example.com,1999-11-16,F,2023-01-29
134,Dawn,Morton,tiffany39@example.org,2001-09-15,M,2018-04-06
135,Tristan,Frye,ashleybernard@example.org,2000-08-05,M,2020-12-04
136,Christina,Mcdonald,kathryngray@example.net,2003-08-27,M,2015-09-20
137,Nancy,Roach,yeseniawilliams@example.org,2004-12-04,F,2022-01-23
138,Amy,Gutierrez,bryantsherry@example.com,2005-10-22,F,2021-08-23
139,Jessica,Arnold,christopher74@example.org,2003-11-02,M,2023-05-28
140,Ashley,Moore,michelle04@example.org,2004-04-02,M,2021-06-06
141,Leslie,Bailey,lauren75@example.com,2006-01-09,M,2021-05-07
142,Brenda,Lopez,amartinez@example.org,2001-11-25,M,2019-01-31
143,Joseph,Garcia,davisdavid@example.net,2004-04-19,M,2019-04-12
144,Jennifer,Bailey,orrjoseph@example.net,2005-12-19,M,2023-12-22
145,Laura,Hardin,jacoblane@example.net,2004-09-07,M,2020-09-01
146,Hailey,Manning,jermaine53@example.net,2001-08-18,F,2020-12-03
147,Carl,Hall,kathleenlambert@example.org,2003-10-23,F,2020-03-23
148,Danny,Mccarty,hknox@example.net,2006-05-03,M,2021-02-26
149,Susan,Roman,elliottsteven@example.org,1999-03-29,M,2016-08-22
150,Bradley,Kennedy,brucesean@example.org,2003-08-18,M,2019-03-08
151,Amanda,Hernandez,jwu@example.com,2000-02-25,F,2017-09-13
152,Ryan,Smith,erinfritz@example.net,2003-02-15,M,2018-10-18
153,Victoria,Edwards,kelly35@example.net,2001-07-19,M,2015-04-21
154,Stephanie,Guerrero,ryanmccormick@example.com,2006-11-12,M,2015-08-03
155,Donald,Case,manuel86@example.org,2003-06-19,M,2019-08-06
156,Anna,Miller,kimberly00@example.net,2004-04-09,M,2020-05-17
157,Jonathan,Ibarra,craigdavis@example.org,2005-11-23,M,2018-08-02
158,Kyle,Velazquez,thomas42@example.org,1999-03-09,F,2019-03-06
159,Ashley,Cox,hbarrera@example.net,2002-09-16,M,2017-10-20
160,Jennifer,Lopez,whitewilliam@example.net,2005-06-27,F,2015-07-03
161,John,Robertson,jasmine23@example.org,2004-03-07,M,2021-03-07
162,Felicia,Porter,ericabishop@example.com,2006-08-14,F,2018-12-08
163,Felicia,Aguilar,debra45@example.com,2003-02-25,M,2018-03-25
164,Lisa,Douglas,kali@example.net,1999-03-10,M,2020-09-04
165,Angela,Arnold,wlopez@example.com,1999-08-12,F,2015-05-01
166,Mason,Williams,anthonycruz@example.net,2003-05-07,M,2017-08-25
167,Lisa,Holloway,donnaosborne@example.net,2002-11-05,M,2015-05-17
168,David,Nelson,newtondavid@example.org,2002-09-20,F,2019-12-23
169,Matthew,Bell,ffisher@example.org,2002-05-28,M,2015-10-13
170,Dennis,Peters,ymoore@example.com,2006-02-09,F,2022-03-07
171,Benjamin,Key,ejames@example.org,2005-10-13,M,2019-12-20
172,Teresa,Robinson,browndaniel@example.net,1999-05-07,M,2018-06-21
173,Elizabeth,Hood,uibarra@example.net,2001-10-08,F,2019-05-29
174,Chris,Lin,rterry@example.net,2002-06-03,F,2015-03-05
175,Amanda,Welch,yadams@example.org,2002-12-05,M,2022-05-09
176,Kimberly,Thompson,stevenwelch@example.org,2006-11-08,M,2023-03-13
177,Christine,Jenkins,sophiarowe@example.org,2004-06-08,F,2021-11-13
178,Randy,Dyer,kristen21@example.org,2001-05-30,M,2015-08-09
179,Kevin,Mitchell,monroemarcus@example.org,2003-11-03,F,2020-10-16
180,Michele,Griffith,mcline@example.com,2003-11-07,M,2018-03-07
181,William,Johnston,christina68@example.net,2002-01-01,F,2018-03-07
182,Sherry,Anderson,samuelroberts@example.org,2006-11-16,F,2021-05-15
183,Bethany,Shaw,russellsharon@example.com,2002-10-28,F,2018-10-21
184,Kelly,Carrillo,jessica11@example.com,2002-06-23,M,2021-02-16
185,Thomas,Perez,rubenwood@example.org,2004-10-03,F,2017-07-10
186,Marcus,Nguyen,michele05@example.com,2006-06-01,F,2020-01-14
187,Melinda,Knapp,grahamsherry@example.net,2006-09-21,M,2020-04-30
188,Lisa,Rogers,jonesanne@example.org,2003-10-25,M,2019-09-16
189,Amanda,Lopez,davidjohnson@example.net,2003-12-07,F,2020-08-10
190,Jacqueline,Miles,sarabaker@example.org,2006-07-05,M,2018-07-28
191,Matthew,Smith,matthewdiaz@example.net,2000-10-02,F,2022-02-18
192,Adam,Gonzales,epace@example.net,2001-07-07,F,2016-07-09
193,Emily,Riley,courtney90@example.net,2002-06-24,F,2019-05-25
194,Joseph,Bruce,jasonrogers@example.net,2004-05-15,M,2015-11-25
195,Kevin,Harris,amy52@example.org,2005-06-14,F,2020-11-02
196,Brian,Henderson,kleinmegan@example.com,2006-06-23,F,2015-02-25
197,Jennifer,Rhodes,delgadomichael@example.net,2001-03-10,M,2016-06-15
198,Robert,Hawkins,laura84@example.com,2005-10-02,M,2018-02-01
199,Julie,Fischer,johnsongregory@example.org,2003-06-14,F,2022-07-28
200,Nicole,Wright,peterscharlotte@example.org,2000-06-02,M,2023-09-10
201,Andrew,Rivera,goodjasmine@example.org,2003-08-25,M,2018-11-18
202,Kimberly,Williams,sharvey@example.org,2005-11-01,F,2017-04-05
203,Douglas,Harris,leahsingh@example.org,2003-03-02,F,2016-09-16
204,Samuel,Guerrero,daniel00@example.com,2004-05-25,F,2018-07-19
205,Jason,Fuller,smithpaul@example.com,2001-01-04,M,2023-03-11
206,Mary,Chung,piercejohn@example.net,2005-06-26,F,2019-01-10
207,Tyler,Schmidt,jose42@example.com,2005-11-02,M,2016-03-31
208,Seth,Hansen,teresa43@example.com,2006-01-06,F,2018-06-08
209,Jessica,Gregory,michaelgentry@example.net,2002-08-06,M,2018-12-28
210,Gary,Lawson,nelsondaniel@example.net,1999-05-21,M,2016-09-01
211,Marco,Bailey,uhamilton@example.org,2003-05-04,M,2016-08-07
212,Kenneth,Morales,higginsjody@example.com,2005-01-27,M,2016-06-21
213,Travis,Hernandez,keithroman@example.org,2004-01-18,F,2022-01-21
214,John,Underwood,jimmy67@example.net,2003-07-14,F,2020-12-13
215,Patricia,Jones,montoyapatrick@example.net,2000-08-18,M,2022-01-17
216,Scott,Henderson,carmen37@example.net,2003-07-04,M,2015-01-15
217,Jeffrey,Freeman,alexandra91@example.net,1999-12-03,F,2017-02-11
218,Olivia,Crosby,stewartsamantha@example.com,2003-10-05,F,2021-12-22
219,Manuel,Palmer,micheal97@example.org,2001-08-26,F,2019-08-29
220,Jeffrey,Garcia,ncooper@example.net,2001-10-07,M,2022-01-17
221,William,Wilson,stephen93@example.net,2004-02-13,M,2021-11-05
222,Guy,Nguyen,davidanderson@example.net,2005-05-16,F,2023-12-02
223,Joseph,Bates,tannerheather@example.org,1999-10-14,F,2019-06-24
224,James,Wong,nataliewaller@example.com,2002-04-24,F,2017-03-17
225,Debbie,May,cynthiamiller@example.net,2002-09-07,M,2023-12-13
226,Larry,Barnes,sanchezrebecca@example.com,2001-02-25,F,2017-07-21
227,Johnny,Sullivan,gerald47@example.com,2006-10-04,M,2015-07-01
228,Anthony,Anderson,millerjessica@example.net,2006-05-02,F,2016-02-28
229,Michael,Mitchell,juan75@example.com,2000-02-23,M,2020-04-15
230,Veronica,Daniels,jeffreywilliams@example.com,2002-11-08,F,2023-08-11
231,John,Shields,qcosta@example.net,2003-08-29,M,2017-03-19
232,Douglas,Riddle,robinsontammy@example.net,2001-06-04,F,2023-09-12
233,Carlos,Jefferson,ericdavila@example.com,2000-12-25,F,2022-02-22
234,Peggy,Harris,cturner@example.net,2006-12-07,M,2018-04-22
235,Kendra,Carroll,traceycooper@example.com,1999-05-20,M,2016-02-11
236,Thomas,Lewis,tapiajackson@example.com,2005-02-08,M,2022-02-07
237,Reginald,Spencer,phillipssharon@example.net,2003-10-18,F,2015-03-10
238,Thomas,Brown,bradley47@example.net,2004-11-01,M,2017-09-27
239,Pamela,Webster,hoganhannah@example.net,2005-04-21,F,2022-01-15
240,Megan,Elliott,vcooper@example.com,2000-11-08,F,2018-04-16
241,James,Brown,gloverdavid@example.org,1999-09-01,M,2021-10-06
242,Matthew,Rojas,gary64@example.org,2003-01-30,F,2017-04-26
243,Donna,Reeves,travisanderson@example.org,2006-06-23,F,2023-06-23
244,Lori,Bailey,christopher04@example.net,2001-07-11,F,2018-08-22
245,Carlos,Blanchard,matthewskevin@example.net,2001-05-30,M,2018-03-09
246,Wendy,Williams,adampayne@example.com,2002-01-23,M,2016-12-24
247,Charles,Mcknight,sheliataylor@example.com,1999-03-22,F,2020-10-05
248,Jessica,Norman,john66@example.org,2004-11-09,F,2019-05-15
249,Kelly,Clark,pwhite@example.net,2006-06-03,M,2020-01-06
250,Ann,Smith,yrussell@example.com,2000-03-27,M,2017-08-27
251,Kelly,Contreras,eanderson@example.com,2005-11-05,F,2022-12-18
252,Julie,Green,asanchez@example.org,2000-03-14,F,2021-03-02
253,Todd,Noble,aaron27@example.net,2000-09-23,M,2020-02-05
254,Michael,Palmer,timothy94@example.org,2001-05-19,M,2022-08-02
255,Melinda,Taylor,mary98@example.org,1999-03-31,M,2022-09-11
256,Robert,Taylor,monica68@example.org,2005-10-24,M,2022-11-12
257,Patricia,Potter,aguilartaylor@example.com,2001-04-22,F,2023-11-21
258,Tyler,Pena,ryanleach@example.org,2001-09-16,M,2021-09-08
259,Sean,Gibson,ujennings@example.net,2000-09-16,F,2016-11-22
260,Elizabeth,Hester,calvinsmith@example.com,2000-05-08,M,2023-08-29
261,John,Herring,vincent45@example.org,2005-02-16,M,2023-09-01
262,Laura,Barber,cruzcrystal@example.net,2006-10-14,M,2022-01-18
263,Paula,Campbell,bstrickland@example.com,2002-10-11,F,2023-10-02
264,Mark,Vasquez,lmarquez@example.org,1999-05-18,M,2017-05-27
265,Paul,Mcintyre,larsenkyle@example.com,2002-08-29,F,2016-06-30
266,Sean,Sharp,solomonantonio@example.org,2006-06-14,M,2017-07-28
267,Lisa,Salazar,lewismelissa@example.com,2000-08-14,M,2019-11-15
268,Troy,Ortiz,dominguezmichelle@example.com,2006-05-06,M,2018-12-12
269,Bernard,Ross,odavis@example.net,2006-07-05,F,2023-08-10
270,Madison,Chapman,warelinda@example.org,2006-11-06,M,2023-02-26
271,Kayla,Carroll,briansweeney@example.com,2004-10-30,F,2023-10-26
272,Bryan,Guzman,jasonfernandez@example.net,1999-05-25,M,2018-12-05
273,Sean,Martin,janderson@example.net,2003-05-01,F,2022-04-06
274,Michele,Kim,brittanygallegos@example.net,2005-11-12,F,2015-12-15
275,Caleb,Murray,johnbrooks@example.com,2003-01-03,F,2017-07-10
276,Gregory,Johnston,isaacdiaz@example.com,2000-12-17,F,2016-02-16
277,Sheila,Andrews,mmiller@example.net,2006-12-13,M,2020-05-16
278,April,Phillips,ronald84@example.com,2003-08-12,F,2022-12-05
279,Sharon,Clark,warrenbenjamin@example.com,2005-02-13,M,2017-11-20
280,Renee,Smith,owatson@example.net,2004-10-19,M,2017-01-16
281,Robert,Wilkerson,gregory77@example.com,2006-10-22,M,2023-06-25
282,Amy,Brown,amberwaters@example.net,2002-06-30,F,2016-07-12
283,Robert,Herrera,paul06@example.com,2000-02-12,F,2020-05-29
284,Katherine,Ross,mitchelldebra@example.org,2006-05-31,F,2022-08-17
285,Christine,Calderon,davisvictoria@example.org,2006-04-13,M,2015-05-06
286,Candice,Rodriguez,sarah50@example.org,2006-10-16,M,2017-12-09
287,Claudia,Sullivan,robert86@example.org,2001-06-07,M,2017-12-18
288,Joshua,Stewart,jjohnson@example.net,2002-11-14,M,2019-12-31
289,Douglas,Park,lhenderson@example.net,2000-09-11,M,2018-07-16
290,Louis,Gomez,eroy@example.net,2001-04-20,M,2016-07-06
291,Adam,Mendez,bobbygriffin@example.net,1999-11-03,M,2022-08-24
292,Gerald,Powers,cunninghamthomas@example.org,2003-06-20,F,2016-08-19
293,Tami,Anderson,michael44@example.org,2004-08-24,M,2021-12-17
294,Paul,Miller,brian72@example.net,2003-04-24,M,2017-09-26
295,Samantha,Arellano,ryanespinoza@example.net,2002-01-18,M,2016-01-08
296,Dana,Bishop,michaelscott@example.com,2004-03-02,F,2017-05-26
297,Jo,Shepherd,brian19@example.org,2004-06-04,F,2021-11-04
298,David,Drake,amandameza@example.org,2003-11-17,M,2017-01-26
299,Mario,Price,groberts@example.com,2003-12-21,M,2021-01-25
300,Sara,Garcia,jamessimpson@example.com,2006-09-27,F,2020-02-03
301,James,Lambert,vjohnson@example.net,2005-10-13,M,2020-09-24
302,Andrew,Khan,ronald23@example.org,1999-09-16,M,2021-02-23
303,Andrea,Lee,meghan07@example.org,2002-04-10,M,2021-12-18
304,Robert,Boone,andrewhudson@example.com,2004-02-23,F,2018-05-26
305,Heather,Smith,angel96@example.net,2001-01-15,F,2023-11-09
306,Debra,Drake,danielle55@example.com,2000-03-28,M,2022-02-23
307,Rachel,Mccoy,michaeldickson@example.net,2006-03-28,M,2023-10-31
308,Nicole,Fowler,scottshannon@example.org,2002-01-28,M,2023-08-25
309,Matthew,Holmes,kjacobs@example.com,2007-01-16,M,2022-11-03
310,Michele,Blackwell,rebeccaowens@example.com,2001-06-19,F,2020-05-29
311,Courtney,Hill,rebeccaporter@example.org,2005-10-29,M,2017-09-04
312,Cody,Williams,jessica19@example.org,1999-05-01,M,2016-11-28
313,Pamela,Miller,karen30@example.net,2006-04-01,F,2020-04-19
314,Amber,Santos,aevans@example.com,1999-10-09,M,2021-05-03
315,David,Hall,stephenmitchell@example.com,2003-09-14,F,2022-08-21
316,Samuel,Randall,umercado@example.net,2002-01-06,F,2018-06-14
317,Jennifer,Golden,anita86@example.com,2006-04-03,F,2023-09-25
318,Debra,Ramirez,theodore97@example.com,2001-08-26,F,2023-05-24
319,David,Harmon,ialexander@example.com,2006-04-11,M,2019-06-17
320,Phillip,Walker,jennifer60@example.org,2002-04-14,F,2018-03-24
321,Megan,Vaughn,patrick39@example.org,2003-12-31,F,2023-07-20
322,William,Rubio,matthew10@example.com,2001-12-21,M,2015-04-09
323,Hector,Miller,lisa53@example.org,2005-10-10,M,2022-08-03
324,Regina,Benson,cohenkathleen@example.net,1999-08-07,F,2022-04-23
325,James,Gay,daniel91@example.org,2002-05-26,F,2023-07-05
326,Timothy,Fuller,courtney23@example.net,2003-09-15,M,2021-07-29
327,Joseph,Davis,jaimemccall@example.net,2002-03-04,F,2015-07-17
328,Juan,Garcia,ybrown@example.com,1999-12-26,M,2018-01-29
329,Kyle,Guzman,tara13@example.org,2001-02-06,F,2019-06-30
330,William,Thornton,johnfreeman@example.net,2003-05-04,M,2020-09-19
331,Jill,Smith,barbararuiz@example.org,2004-10-31,F,2016-11-20
332,Kimberly,Hanson,montoyaandrew@example.com,2003-06-20,M,2019-01-20
333,David,Perry,megancompton@example.com,2000-04-11,F,2017-01-23
334,James,Steele,javiermullins@example.com,2006-04-11,F,2015-10-08
335,Molly,Brown,davidhorn@example.com,2005-12-04,F,2017-07-13
336,Tracey,Yu,douglasreynolds@example.net,1999-12-03,F,2018-04-07
337,Pamela,Hawkins,gonzalezstacey@example.org,1999-03-27,M,2021-08-02
338,Matthew,Robinson,floressusan@example.net,2001-10-11,F,2020-08-28
339,Brian,Hines,kramos@example.net,2000-12-07,M,2020-04-19
340,Michael,Robinson,icraig@example.net,1999-06-16,F,2018-05-18
341,Loretta,Brown,parsonserik@example.net,2006-04-13,F,2022-08-20
342,Joshua,Ritter,morganfuller@example.com,2006-09-04,M,2023-03-15
343,Kenneth,Green,samuel80@example.org,2003-09-09,F,2016-02-08
344,Timothy,James,ncooper@example.com,2001-03-26,M,2018-06-14
345,Christopher,Gay,mcintyreerica@example.net,2004-07-23,F,2015-06-19
346,Peter,James,rojasbenjamin@example.net,2006-08-13,F,2016-03-29
347,Russell,Thomas,barbara81@example.net,2001-07-22,F,2020-12-24
348,Walter,Jones,laurenbrown@example.com,2003-11-11,M,2018-09-21
349,Brian,Patrick,andrew17@example.com,1999-07-13,F,2020-02-25
350,Erin,Bush,eatonbenjamin@example.net,2004-12-23,M,2017-04-15
351,Rita,Jones,cantumichelle@example.org,2004-07-31,F,2015-08-22
352,Jason,Galvan,joshuabryant@example.com,2001-10-08,F,2016-11-02
353,Melanie,Martinez,benjamin81@example.com,2003-09-19,M,2018-10-16
354,Brad,Riley,timothystanley@example.net,2003-01-01,M,2021-02-19
355,Tiffany,Martin,jamesford@example.net,2003-04-05,M,2018-12-29
356,Andrew,Curtis,chadmurphy@example.com,2002-10-23,M,2022-10-03
357,Christopher,Smith,navarrolisa@example.net,2006-02-27,F,2015-06-04
358,Mark,Newton,qrodriguez@example.net,2002-06-01,M,2023-06-02
359,Elizabeth,Parks,danielcrawford@example.net,2003-10-12,M,2021-10-17
360,William,Smith,burnsbrian@example.net,2004-03-04,M,2015-02-14
361,Rachel,Horn,rdavis@example.org,2000-02-15,M,2017-03-15
362,Amanda,Flowers,kenneth50@example.org,2005-10-01,M,2015-01-18
363,Colleen,Herrera,rpruitt@example.com,2000-10-11,M,2022-01-29
364,Brittany,Mcdonald,matthewknight@example.net,2003-03-06,M,2016-09-11
365,Melanie,Smith,joseph82@example.org,2004-12-23,M,2016-08-23
366,Richard,Myers,crystalreynolds@example.org,2004-03-17,F,2021-11-26
367,Sue,Hubbard,denise28@example.net,2003-01-08,F,2015-03-13
368,Todd,Shaw,susanholmes@example.com,2002-05-27,M,2019-11-22
369,Jennifer,Reed,romanlinda@example.com,2002-03-06,F,2022-10-15
370,Aaron,Ramsey,dawn24@example.net,2005-08-01,F,2016-05-31
371,Richard,Hunt,gordoncory@example.com,2005-07-21,F,2016-03-24
372,Tony,Baker,bryantscott@example.org,2001-11-24,F,2020-03-11
373,Destiny,Kelly,lawsondanielle@example.org,2000-12-01,F,2017-06-11
374,Rachael,Clayton,samuelbaker@example.com,2003-10-31,F,2016-04-08
375,Amanda,Lam,michellewilliams@example.org,2003-10-11,M,2022-11-14
376,Michael,George,juan08@example.com,1999-09-09,M,2018-08-24
377,Jennifer,Gonzalez,justin44@example.com,1999-02-08,F,2015-09-21
378,Joshua,Mendez,jodi90@example.org,2003-08-02,M,2015-08-22
379,Christina,Sanchez,mitchellwebster@example.net,2000-08-16,F,2022-09-19
380,Ruben,Case,liukelly@example.com,2005-03-29,M,2019-09-29
381,Lucas,Turner,kristenramsey@example.com,2004-07-05,M,2019-07-07
382,James,Hester,kdowns@example.net,1999-12-11,M,2021-10-28
383,Peter,Summers,christophermann@example.com,2000-05-19,F,2018-04-20
384,Phillip,Barber,davisbrent@example.org,2001-09-05,M,2015-11-04
385,Anthony,Anderson,justinromero@example.net,1999-10-26,F,2020-04-14
386,Laura,Martinez,hallmarcus@example.com,2001-11-10,M,2021-07-20
387,Janet,Hall,aaron71@example.net,2002-10-09,M,2021-07-07
388,Jimmy,Romero,lgallegos@example.org,2004-08-22,M,2022-03-21
389,Sara,Edwards,kellyanthony@example.net,2000-08-13,F,2021-10-07
390,David,Morgan,gomezdaniel@example.com,2004-06-06,M,2016-02-06
391,Veronica,Estrada,wilsonmikayla@example.com,2003-04-29,M,2019-09-04
392,Shannon,Herrera,zacharybeard@example.net,2005-02-06,M,2015-01-23
393,Danielle,Campos,gnewton@example.net,2006-05-31,F,2015-01-18
394,Edwin,Moran,efrancis@example.com,2006-06-23,F,2023-05-03
395,Kenneth,Martinez,austinflores@example.net,2006-04-25,M,2019-05-31
396,Allison,Barnes,ccruz@example.com,2000-10-31,F,2022-06-28
397,Andrew,Rojas,courtneyedwards@example.net,2004-03-28,M,2021-12-19
398,Anthony,Brown,russell40@example.com,2000-08-15,M,2022-11-17
399,Thomas,Clark,xdavis@example.net,2004-11-13,M,2022-08-07
400,Mary,Osborne,brandi88@example.com,2004-08-09,M,2019-06-18
401,Brianna,Rodriguez,johngonzalez@example.net,2003-07-28,F,2015-03-04
402,Lauren,Bennett,idean@example.com,2001-04-08,M,2020-11-19
403,James,Johnson,ryan07@example.net,2003-02-07,M,2019-12-19
404,Amanda,Mendez,laurablack@example.com,2006-03-26,F,2021-07-24
405,Thomas,Morgan,daniel28@example.net,2003-03-06,F,2017-06-08
406,Jasmine,Douglas,brianochoa@example.net,2005-03-14,M,2022-09-13
407,Margaret,Norris,wramos@example.net,2002-04-12,F,2015-11-22
408,Sherry,Johnson,plarson@example.org,2000-04-15,F,2022-07-10
409,Barbara,Meza,ronaldmcclure@example.net,2004-04-09,M,2023-10-27
410,Tina,Mckinney,sarah61@example.com,2002-11-04,F,2020-05-09
411,Jessica,Dorsey,esawyer@example.net,2001-11-03,F,2018-07-17
412,Joshua,Coleman,zrodgers@example.net,2002-03-03,F,2020-03-08
413,Jenna,Gonzalez,bennettsteven@example.com,2004-07-13,M,2020-08-25
414,Sarah,Williams,wolfeanna@example.com,2003-10-13,F,2020-07-30
415,Cristian,Hoffman,charles19@example.net,2006-02-04,M,2015-05-04
416,Christopher,Walters,katherinewilliams@example.net,2003-01-23,M,2017-12-22
417,Shannon,Miller,mark86@example.org,1999-05-18,F,2022-08-26
418,Mark,King,brentschmidt@example.org,2004-08-22,F,2019-05-18
419,Michele,York,jparks@example.net,2000-01-06,F,2022-12-07
420,Ashley,Evans,novaktiffany@example.org,2000-12-23,F,2019-10-15
421,Karen,Ray,brownjessica@example.org,2004-12-23,F,2020-09-11
422,Laura,Berry,paulhancock@example.org,2002-03-06,M,2016-07-19
423,Erin,Solomon,scottdean@example.net,2002-05-16,F,2019-09-01
424,Edward,Munoz,lhill@example.org,2001-02-26,F,2022-04-10
425,Andre,Harris,juliantaylor@example.net,2005-06-14,F,2016-04-25
426,Christopher,Rodriguez,johnwilliamson@example.net,1999-03-03,M,2017-02-07
427,Jenna,Palmer,monroetyler@example.com,2002-04-16,F,2022-11-26
428,Christopher,Morris,gburke@example.com,2002-11-28,M,2015-12-05
429,Melissa,Chen,josephlewis@example.com,1999-09-17,F,2015-05-18
430,Kimberly,Johnson,bankskelly@example.org,2002-04-02,F,2023-12-24
431,Andrew,Green,vwright@example.com,2002-07-28,M,2016-04-24
432,Robert,Reid,mbray@example.com,2004-08-22,F,2016-08-25
433,Lisa,Robinson,gutierrezbrad@example.net,2003-12-18,F,2023-06-18
434,Sara,Chambers,yaguirre@example.com,2004-07-11,M,2022-06-19
435,Sandra,Nguyen,awillis@example.net,1999-11-17,F,2016-12-14
436,Kathryn,Scott,hudsonkathy@example.net,2006-01-16,F,2018-03-22
437,Ryan,Contreras,timothysanchez@example.org,2001-12-27,M,2019-08-11
438,Greg,Bartlett,shannon69@example.com,2003-06-28,F,2020-11-30
439,Jenna,Schroeder,zlevy@example.com,2006-06-17,F,2020-10-19
440,Trevor,Smith,yweber@example.net,2005-10-27,F,2019-03-15
441,Joseph,Gonzales,simpsonkristin@example.org,2000-06-19,M,2015-03-13
442,James,Stephenson,spearscharles@example.com,2005-01-02,M,2021-12-11
443,Theresa,Sanchez,angelica47@example.org,2002-07-01,M,2017-06-20
444,Sarah,Wolf,uross@example.com,2005-11-08,M,2019-04-04
445,Joseph,Stark,cassandra09@example.org,2001-03-06,F,2019-04-14
446,Thomas,Mays,johnny78@example.net,2002-08-15,F,2022-03-30
447,Jennifer,Roach,ronald37@example.net,2001-06-17,M,2020-09-28
448,Samuel,Richardson,sandra27@example.com,2006-12-03,M,2020-03-05
449,Paula,Clark,paul24@example.net,2003-12-02,F,2022-03-30
450,Bethany,Watson,lunacandace@example.org,2005-07-28,M,2022-07-07
451,Elizabeth,Williams,davidlee@example.org,2005-05-26,F,2015-01-28
452,Donald,Mitchell,amandaandrews@example.com,2005-02-12,M,2018-02-08
453,Jessica,Harvey,john28@example.org,2002-08-06,M,2016-04-27
454,Alexander,Wyatt,jerome83@example.net,2006-08-07,M,2017-10-29
455,Erin,Smith,fmonroe@example.com,2005-09-13,F,2016-12-28
456,Christine,Johnston,seanboyd@example.com,2005-04-05,F,2016-10-24
457,Katherine,Mullen,stephanievaldez@example.net,2000-07-31,F,2019-08-16
458,Rachel,Torres,ricky03@example.org,2000-03-11,F,2021-09-05
459,David,Soto,grantandrew@example.net,2001-06-16,M,2022-04-27
460,Joseph,Cooper,xmcgrath@example.com,2001-12-25,F,2015-07-09
461,Seth,Hurst,tmcneil@example.net,2002-02-04,M,2020-08-07
462,Gregory,Raymond,lenicole@example.com,2003-03-30,F,2020-05-02
463,Ann,Jackson,heidi12@example.com,2004-01-10,F,2015-07-19
464,Tiffany,Hodge,jesse27@example.com,1999-05-14,M,2020-07-13
465,Andrea,Gutierrez,martin04@example.org,2002-03-22,M,2020-01-05
466,Diana,Thomas,alexscott@example.net,2005-03-21,F,2016-03-26
467,Bradley,Taylor,ashleyandrews@example.com,2004-01-28,M,2015-07-01
468,Samantha,Thomas,shawapril@example.org,2001-03-08,M,2016-03-25
469,Sarah,Bailey,williamsglen@example.org,2006-03-15,F,2021-08-27
470,Cynthia,Robinson,xmarshall@example.org,2000-01-26,F,2018-07-18
471,Paul,Lee,martingregory@example.net,2001-12-10,F,2015-03-12
472,Mary,Graves,robinsonmichael@example.com,2005-12-18,M,2019-09-22
473,Katherine,Robinson,debbiecampbell@example.org,2004-09-12,F,2019-12-31
474,Linda,Scott,kristiramos@example.net,2002-09-30,M,2019-02-28
475,Jacqueline,Garza,aaronrobertson@example.net,2001-02-07,M,2019-03-31
476,Daniel,Hubbard,cookjamie@example.org,2001-01-23,F,2023-07-25
477,Sarah,Smith,omartin@example.org,2002-02-21,M,2021-07-03
478,Richard,Allen,munozpamela@example.org,2004-07-04,F,2023-01-04
479,Charles,Flowers,meyerslaura@example.net,2003-10-22,F,2017-08-12
480,Wendy,Johnson,fwade@example.org,1999-02-07,M,2020-01-15
481,Kylie,Zuniga,ronniecohen@example.com,2001-10-01,F,2017-07-13
482,Greg,Michael,whiteheadkatie@example.com,2000-10-08,M,2017-06-06
483,Jessica,Sanchez,grahammitchell@example.org,1999-08-13,F,2020-02-08
484,Casey,Kemp,christopherhooper@example.net,2000-08-19,M,2017-10-11
485,Sabrina,Warner,dmartin@example.net,1999-12-30,M,2020-07-19
486,Logan,Miller,jefferyrobertson@example.com,2001-11-25,M,2015-04-11
487,Christian,Bailey,jonesrhonda@example.net,1999-11-11,F,2022-12-13
488,Timothy,Huffman,hswanson@example.com,2002-12-12,F,2018-11-09
489,Michael,Ramirez,serranokevin@example.org,2000-03-16,F,2017-08-13
490,Leslie,Santiago,angelaobrien@example.net,2002-04-08,M,2017-12-28
491,Thomas,Valencia,adamskimberly@example.org,2005-09-03,M,2022-09-18
492,Jennifer,Harris,adamhutchinson@example.org,2000-01-22,M,2023-06-16
493,Michael,Matthews,floydmarcus@example.net,2000-11-10,F,2017-09-30
494,Jessica,Wright,heidiroberts@example.com,2003-03-02,F,2017-01-18
495,Tina,Ayala,jessicapaul@example.org,2001-12-01,M,2020-06-09
496,Tammie,Arnold,parkerjennifer@example.net,2006-07-18,M,2021-06-24
497,Jorge,Thompson,turnerpatrick@example.org,1999-08-29,M,2019-10-19
498,Jennifer,Carter,ihampton@example.com,2001-09-30,M,2019-01-13
499,Elizabeth,Jones,ericsmith@example.com,2004-10-03,M,2019-06-28
500,Stanley,Hammond,kellymarshall@example.com,2005-02-07,M,2022-10-30
501,Michael,Rogers,pattonlarry@example.com,2001-07-23,M,2023-06-13
502,John,Hooper,cooperdaniel@example.net,2006-10-27,F,2018-08-25
503,Andrew,Morris,andrew91@example.net,2002-09-21,M,2022-10-30
504,Daniel,Miller,amy30@example.org,2005-12-01,F,2019-04-03
505,Paul,Long,hbanks@example.net,2005-03-17,M,2016-11-03
506,Bethany,Murphy,jacksonkeith@example.org,2004-04-13,M,2016-09-04
507,Jerome,Leonard,melissa30@example.com,1999-06-10,M,2016-09-25
508,Tracy,Cox,ldouglas@example.org,1999-03-03,M,2023-07-18
509,Sheri,Mendez,william99@example.org,2006-04-19,F,2019-03-25
510,Patrick,Townsend,aewing@example.com,2001-09-02,M,2017-09-07
511,Jennifer,Lindsey,mathewsullivan@example.net,2000-01-24,M,2020-06-24
512,Danielle,Leonard,jenkinsjasmine@example.net,2000-10-12,F,2021-08-15
513,Jonathan,Conrad,mistyparsons@example.org,2003-05-15,F,2023-02-20
514,Joseph,Hill,xthompson@example.com,2001-07-15,M,2015-11-12
515,Julie,Powell,williamskirsten@example.com,2003-09-04,M,2023-08-17
516,Christine,Malone,reevesgary@example.com,2005-09-20,M,2021-03-31
517,Joel,Kim,xsantana@example.org,2002-04-01,F,2018-10-01
518,Adam,Knox,gravesryan@example.org,2000-11-13,M,2016-01-25
519,Bryan,Hill,prodriguez@example.net,2002-12-28,F,2015-09-15
520,Andrea,Alvarado,ocollins@example.com,2003-04-01,F,2017-04-14
521,James,Sutton,bjohnson@example.org,2000-06-08,M,2018-09-05
522,Douglas,Moore,wyattcrystal@example.org,2003-03-09,F,2016-06-28
523,Tim,Rivera,jasongutierrez@example.net,2003-12-13,F,2017-09-01
524,Jessica,Farley,carlywatts@example.org,2002-12-05,F,2017-12-18
525,Jacqueline,Turner,maryjohnson@example.org,2000-07-14,F,2020-08-22
526,Joseph,Gonzalez,mary32@example.com,2003-11-18,F,2018-08-27
527,Kristina,Bush,sharon98@example.org,2004-06-05,M,2019-12-01
528,Heidi,Herman,lklein@example.com,2002-05-26,M,2018-11-11
529,Michael,Turner,craig54@example.com,2002-11-04,F,2016-04-22
530,Tyler,Tran,jbrown@example.com,2006-09-22,F,2022-08-20
531,Jonathon,Green,sanchezluis@example.com,1999-07-10,M,2020-05-10
532,Brandon,Brown,matthew55@example.org,2000-03-18,F,2015-04-11
533,Shane,Serrano,stewartsabrina@example.com,2002-02-20,F,2017-09-20
534,Robert,Allen,olivia36@example.net,2002-01-06,M,2019-05-24
535,Jeffrey,Robinson,william73@example.net,1999-04-06,M,2023-12-10
536,David,Rivera,tpatel@example.net,2002-11-05,F,2022-03-03
537,Dwayne,Ryan,matthew44@example.org,2005-04-23,M,2020-09-01
538,Christopher,Smith,lbaker@example.org,2002-06-14,M,2022-05-08
539,Stephen,Zimmerman,timothy44@example.net,2004-04-29,M,2018-04-06
540,Brittany,Russell,ggallagher@example.org,2003-06-03,F,2017-12-14
541,Dean,Martinez,rogerbrown@example.com,2005-04-10,M,2015-10-04
542,Susan,Gates,javila@example.org,2002-06-30,F,2016-05-10
543,Colleen,Crane,mgibson@example.net,2001-11-09,F,2019-11-21
544,Janet,Osborne,jessicadouglas@example.com,2004-12-31,M,2019-08-21
545,Felicia,Hardy,karenstevenson@example.org,2003-01-24,M,2016-12-14
546,Joshua,Harper,gphillips@example.com,2005-02-13,F,2016-05-30
547,Robert,Perez,blackburnmatthew@example.org,2000-03-29,F,2016-09-02
548,Timothy,Yang,msparks@example.com,2004-03-22,M,2017-07-13
549,Patricia,Dixon,newmanchristine@example.org,2003-07-06,M,2023-06-07
550,Tracy,Smith,davidmorse@example.org,1999-10-04,M,2023-09-05
551,Brandon,Johnson,sarah01@example.com,2005-10-04,F,2016-04-10
552,Taylor,Lee,yreed@example.net,2002-06-08,F,2022-06-29
553,Jonathan,Davis,wolfrichard@example.org,2002-05-30,M,2017-03-31
554,Patrick,Duncan,paul29@example.org,2004-12-17,F,2023-05-15
555,Eric,Jones,natalie48@example.org,2003-04-23,F,2017-07-03
556,Samantha,Larsen,alexisdavis@example.net,2003-10-16,M,2015-09-02
557,Robin,Lindsey,rebeccahowell@example.com,1999-05-08,M,2023-03-28
558,Seth,Manning,sherrybarnes@example.org,2002-03-30,M,2021-08-21
559,Christopher,Harris,bthomas@example.org,2004-09-18,M,2019-02-14
560,Linda,Hernandez,ashleyparker@example.com,2004-03-02,M,2016-11-26
561,Chelsea,Jackson,gallagherrobert@example.com,2000-01-14,F,2021-03-18
562,Robert,Lucas,smartin@example.net,2000-07-10,F,2018-04-30
563,Andrew,Norton,grodgers@example.org,1999-03-18,F,2022-04-23
564,Kevin,Spencer,derekwallace@example.org,2004-03-25,M,2018-02-11
565,Denise,Stevens,marie62@example.org,2006-05-12,F,2017-01-31
566,Katelyn,Green,katherinehoffman@example.org,2000-10-26,M,2023-02-13
567,Allison,Johnson,monica79@example.net,2005-02-21,M,2017-03-09
568,Raymond,Barton,hardydaniel@example.com,1999-06-19,F,2019-12-04
569,John,Shaw,cosborn@example.net,2004-10-29,M,2022-06-16
570,Tracey,Smith,gregorycastillo@example.com,2006-01-08,F,2020-08-11
571,Brandon,Harris,jennifershaffer@example.net,2001-12-09,M,2018-06-14
572,Alexander,Murphy,stewartangela@example.org,2005-12-20,F,2017-09-04
573,Robert,Jackson,shannonhale@example.com,2001-05-15,F,2018-08-25
574,Peter,Torres,mollyblack@example.org,2000-01-10,F,2016-12-17
575,Luis,Simmons,angela11@example.net,2006-04-25,M,2021-02-17
576,Brandon,Lozano,brittneyjohnson@example.net,2003-06-10,M,2016-08-14
577,Linda,Walton,elizabethhughes@example.net,2005-10-16,M,2020-06-25
578,Veronica,Collier,uknight@example.org,2002-12-16,M,2017-03-22
579,Joshua,Fuller,anthony71@example.com,2001-11-01,M,2015-05-10
580,Amy,Sanchez,amanda04@example.org,2006-04-12,M,2023-08-05
581,Tiffany,Fuller,william56@example.org,2006-03-20,M,2023-07-13
582,Megan,Potts,rachel83@example.com,1999-03-13,M,2018-09-11
583,Michael,Finley,xgutierrez@example.net,2001-09-11,F,2017-07-19
584,Mary,Robinson,allisonstokes@example.net,2001-11-02,F,2019-08-11
585,Sara,Anderson,erojas@example.org,2005-04-09,F,2021-07-16
586,Jesus,Nolan,scantu@example.net,2003-01-30,F,2021-12-17
587,Jade,Gray,matthewgonzalez@example.com,2002-03-04,F,2017-07-28
588,Jennifer,Miller,michaelstewart@example.net,2001-02-19,F,2020-06-19
589,Amanda,Potts,karen97@example.net,2005-11-26,M,2021-01-04
590,Danielle,Brown,juliecooper@example.com,2002-06-17,F,2016-07-24
591,Alexandra,Martinez,lambertmckenzie@example.org,2001-07-26,F,2018-06-29
592,Bethany,Robinson,uparsons@example.org,2000-09-13,M,2023-08-29
593,Rodney,Thompson,pacenancy@example.net,2004-12-22,F,2015-07-30
594,Michelle,Gonzalez,bserrano@example.com,2002-06-17,M,2016-04-22
595,Jeff,Mack,vballard@example.com,2000-06-23,F,2016-04-02
596,Patricia,Miller,avilabonnie@example.net,2005-11-12,F,2020-05-07
597,Julie,Lloyd,jennifer56@example.net,2002-09-05,M,2017-08-26
598,Tina,Carlson,michael64@example.net,2006-11-09,M,2015-10-25
599,Scott,Montes,amysmith@example.org,2006-09-24,F,2023-03-02
600,Anna,Long,browningsara@example.org,2003-06-19,F,2016-04-06
601,Todd,Kim,watkinsgarrett@example.org,2005-08-21,M,2017-10-19
602,Chelsea,Berry,charles31@example.net,2003-03-14,F,2018-05-18
603,Aaron,Tucker,amy98@example.net,2000-04-02,M,2019-12-15
604,Gary,Franklin,nicolevalentine@example.com,1999-08-30,M,2018-02-04
605,Joshua,Guerrero,dparker@example.com,2002-04-14,F,2016-12-06
606,Gabriella,Ramos,kingjacqueline@example.org,2006-10-28,M,2019-09-21
607,Katherine,Parker,vanessa62@example.com,2003-04-05,F,2022-11-12
608,Lauren,Johnson,smithwayne@example.com,1999-06-17,M,2020-08-20
609,Connor,Nelson,nelsonkyle@example.com,2001-04-09,M,2022-03-30
610,Christine,Hanson,arnoldsarah@example.net,1999-06-10,F,2019-07-19
611,Daniel,Singh,michele17@example.com,2001-05-12,M,2020-06-01
612,Brittany,Reeves,oandrade@example.org,2005-10-18,M,2023-10-24
613,Paula,Dean,lesliehanson@example.org,2005-11-07,F,2021-01-07
614,Richard,Reeves,keith77@example.net,2006-11-21,F,2016-05-13
615,Angela,White,coopercynthia@example.net,2002-07-15,M,2020-03-19
616,Evan,Nguyen,hartpamela@example.com,2003-03-14,F,2021-07-29
617,Brooke,Robinson,morriskimberly@example.org,2001-08-01,M,2016-03-28
618,Brandon,Patterson,robertsclaudia@example.com,2003-06-07,M,2023-08-20
619,Jennifer,Nelson,ukhan@example.net,2003-04-05,M,2020-01-27
620,Tasha,Newman,nicolehammond@example.net,1999-02-13,M,2017-09-07
621,Colleen,Holder,cedwards@example.org,2004-03-11,F,2016-10-24
622,George,Flores,angelagonzalez@example.org,2002-10-27,M,2022-12-29
623,Michelle,Robertson,adamwalker@example.com,2004-02-22,M,2023-06-15
624,Brittany,Rogers,kthompson@example.com,2004-12-01,M,2016-11-05
625,Christopher,Blackburn,katherine32@example.org,1999-05-07,M,2015-09-03
626,Justin,Gonzales,dmoyer@example.org,1999-10-19,M,2016-10-13
627,Sandra,Brown,brandon78@example.com,2000-10-27,M,2021-11-02
628,Joshua,Hogan,nrivera@example.com,2006-03-17,F,2018-10-14
629,James,Holmes,andrewwebb@example.org,2004-08-11,F,2021-12-02
630,Lisa,Walker,jessicaperry@example.org,2003-08-27,M,2023-08-08
631,Robin,Thompson,nicole39@example.com,2003-09-23,M,2023-11-17
632,Cassie,Williams,mtorres@example.com,2006-10-28,M,2016-03-05
633,Lauren,Morales,joshuahiggins@example.net,2002-07-23,M,2018-02-26
634,Brett,Elliott,jholland@example.com,2001-11-17,F,2023-01-09
635,Karen,Murphy,steven51@example.com,2003-08-12,M,2021-02-11
636,Michael,Vasquez,ygiles@example.net,2002-07-18,F,2020-07-22
637,Jeremy,Russo,murrayjennifer@example.com,2006-06-24,F,2018-01-31
638,Daisy,King,sullivanrachel@example.org,1999-07-07,M,2018-09-27
639,Shawn,Jones,kenneth14@example.org,2002-12-26,M,2020-05-10
640,Emily,Morgan,areynolds@example.org,2002-10-26,F,2015-08-02
641,Jessica,Cole,asellers@example.net,2001-06-19,F,2015-07-17
642,Jeanette,Lang,wmorrison@example.org,2005-03-22,M,2023-02-28
643,Michael,Kennedy,chad28@example.org,1999-05-21,M,2017-09-05
644,Jessica,Hicks,douglasmiller@example.net,2006-06-20,F,2022-06-14
645,Karen,Myers,samanthacamacho@example.com,2003-02-28,F,2016-08-03
646,Laura,Saunders,dakota05@example.com,1999-02-23,M,2019-08-25
647,David,King,matthewcummings@example.org,2005-04-06,F,2016-05-07
648,Kathryn,Stewart,mariehayes@example.com,2000-04-19,F,2023-10-04
649,Debra,Mckay,thenry@example.com,1999-09-30,F,2023-08-23
650,Felicia,Pruitt,qballard@example.org,2003-03-07,F,2020-12-17
651,Dustin,Fisher,claytonmorrison@example.com,2003-02-18,M,2022-11-04
652,Christina,Clarke,davisrebecca@example.net,2005-07-10,M,2023-03-22
653,Patricia,Terry,wupamela@example.com,2005-07-11,F,2021-02-02
654,James,Estes,angelawalker@example.org,2006-03-12,F,2020-04-12
655,Tyler,Henry,owenseric@example.com,2003-02-26,F,2022-08-07
656,Gary,Harris,ricejonathan@example.com,2001-04-01,F,2020-01-06
657,Michael,Murray,hoodmaria@example.com,2006-11-08,M,2022-08-21
658,Marco,Sullivan,hcox@example.org,1999-10-28,F,2018-07-16
659,Brianna,Mueller,ymcpherson@example.org,2006-03-05,M,2022-01-29
660,Tonya,Mccoy,tracy40@example.com,2006-03-22,F,2021-11-15
661,Amy,Lopez,tayloranthony@example.net,2001-09-05,F,2015-06-26
662,Roger,Garza,johnsonstephanie@example.com,2005-07-22,F,2023-05-10
663,Brooke,Barry,moodymiranda@example.com,2001-08-15,F,2021-04-15
664,Kyle,Patterson,jasonbrown@example.org,2005-07-05,F,2023-03-01
665,Tiffany,Russo,martincynthia@example.net,2006-08-22,M,2015-02-10
666,Kathy,Lowe,gonzalesmary@example.org,2001-12-08,F,2018-07-23
667,Destiny,Torres,theresa04@example.org,2003-03-08,F,2021-12-30
668,Amy,Galloway,bmoody@example.com,2003-11-10,F,2021-01-13
669,Eric,Warner,sherry79@example.net,2000-07-19,F,2023-02-13
670,Danielle,Perez,jonesholly@example.org,2001-05-27,M,2022-07-25
671,Collin,Morales,ppatel@example.org,2001-10-11,F,2019-01-02
672,Kim,Estrada,taylorcody@example.net,2001-04-20,M,2023-12-14
673,Elizabeth,Roberts,mitchelllisa@example.com,2005-08-31,M,2015-09-26
674,Anthony,Ford,sharon49@example.com,2002-11-26,M,2021-06-16
675,Robert,Lee,spencersarah@example.net,2003-01-31,F,2019-06-21
676,Jacqueline,Craig,duaneruiz@example.com,2001-01-03,M,2018-05-09
677,Allison,Newman,scottdylan@example.net,2003-08-13,M,2018-02-18
678,Jessica,Jones,reynoldsdavid@example.com,1999-11-30,M,2017-02-20
679,David,Foster,mitchellashley@example.com,2002-08-20,F,2016-11-20
680,Amy,Rice,brianchambers@example.com,2004-09-17,M,2020-01-25
681,Christopher,Williams,barajasmary@example.net,2006-08-24,M,2021-07-27
682,Suzanne,Lane,ericjohnson@example.com,2004-10-30,F,2017-03-10
683,Tamara,Cannon,dianemoore@example.com,2006-07-15,F,2021-11-17
684,David,Riley,vford@example.org,2001-07-14,M,2020-05-01
685,Tina,Cowan,matthewmarshall@example.org,1999-11-01,F,2023-12-02
686,Anne,Reyes,terrysteve@example.org,2001-08-04,F,2020-12-23
687,Jennifer,Baker,michelle56@example.net,2006-06-16,F,2018-05-12
688,Aaron,Atkins,erin79@example.com,2002-09-29,M,2017-01-25
689,Amy,Thompson,hchoi@example.org,2001-09-21,M,2022-08-11
690,Samantha,Henry,yclements@example.net,2002-06-26,F,2018-05-22
691,Larry,Jones,codybrown@example.com,2003-04-09,M,2015-05-04
692,Catherine,Fowler,vluna@example.org,2003-02-03,F,2020-04-20
693,James,Gomez,xmccoy@example.com,2004-08-13,M,2022-01-06
694,Crystal,Stewart,beverly80@example.org,1999-06-30,F,2021-02-06
695,Alexander,Davis,anthonywhite@example.net,1999-11-05,M,2021-01-11
696,Holly,Weeks,hstephens@example.org,2001-01-02,M,2015-12-24
697,Randy,Carpenter,andersongavin@example.com,2005-04-19,M,2023-01-13
698,Darrell,Frye,catherineperez@example.org,2006-11-06,M,2018-01-21
699,Steven,Yoder,dennisandre@example.com,1999-03-14,M,2022-12-16
700,Kimberly,Smith,yorkmichael@example.com,2002-07-31,F,2018-04-09
701,Ryan,Deleon,lucas19@example.com,1999-12-12,F,2022-04-02
702,Robert,Jenkins,greed@example.net,2001-09-10,M,2019-09-16
703,Brett,Byrd,virginiahuerta@example.com,2001-11-20,F,2016-02-28
704,Nicole,Haynes,hernandezgary@example.com,2006-03-11,F,2016-12-13
705,Caleb,Cruz,gilesjay@example.net,2004-07-24,M,2019-10-05
706,Elizabeth,Flores,coopertammy@example.com,2000-10-02,M,2022-02-23
707,Mark,Graham,avaughn@example.com,2004-02-15,M,2019-01-22
708,Roger,Anderson,brownmelissa@example.com,1999-06-07,F,2015-08-22
709,Ralph,Sims,laraangela@example.com,2000-03-29,F,2015-02-28
710,Sarah,Jackson,castromartin@example.net,2001-06-23,F,2018-12-14
711,Stephen,Choi,stevensthomas@example.com,2004-10-27,M,2017-01-21
712,Sue,Phillips,elliottmegan@example.net,2000-10-27,F,2021-07-30
713,Sandra,Patterson,wmills@example.org,2000-04-23,F,2021-09-23
714,Johnny,Cruz,russokevin@example.com,2003-12-14,M,2021-11-03
715,Catherine,Wright,rebecca46@example.org,2005-08-01,M,2021-03-04
716,Bradley,Pierce,anielsen@example.org,2006-01-20,F,2017-07-03
717,Christopher,Smith,odawson@example.com,2006-12-26,F,2021-06-14
718,Jo,Oconnell,danielbrown@example.org,2004-02-07,F,2022-05-31
719,Lisa,Johnson,rangelwanda@example.com,2003-07-15,M,2019-02-11
720,Anna,Henderson,emily95@example.com,2000-07-29,M,2020-01-29
721,Helen,Miller,morroweddie@example.net,2001-11-04,F,2021-05-21
722,Joseph,Adams,charlotte80@example.org,2002-03-17,F,2021-12-30
723,Christine,Reed,andreaedwards@example.com,2006-08-01,F,2018-08-03
724,Kelly,Rogers,smyers@example.com,2006-09-21,M,2019-12-06
725,Emily,Mcbride,jennifermcpherson@example.com,1999-12-17,F,2016-01-15
726,Steve,Hernandez,snowanthony@example.net,2004-12-10,M,2021-07-11
727,Brianna,Wilson,hsmith@example.org,1999-06-23,M,2016-11-04
728,Brian,Dunn,smithalexis@example.net,2004-10-17,M,2019-06-15
729,Michele,Davidson,watkinskristina@example.net,2001-05-01,F,2023-05-15
730,Amber,Reynolds,pattersonelizabeth@example.com,2003-05-03,M,2021-12-07
731,Danielle,Richardson,farmerjames@example.net,2001-01-13,F,2023-04-22
732,Christopher,Kim,martinezjoel@example.net,2000-12-30,M,2017-11-04
733,Christie,Rodriguez,andrew46@example.net,2003-06-28,M,2017-03-09
734,Mark,Stevens,pguerrero@example.com,2001-01-09,F,2017-09-22
735,Christina,Stewart,sierraalvarado@example.net,2006-12-04,F,2015-05-23
736,Austin,Butler,fmack@example.net,2000-08-21,M,2018-12-17
737,Reginald,Miles,hammondjimmy@example.org,1999-12-22,M,2019-09-25
738,Ryan,Smith,emoore@example.net,2006-06-22,F,2023-12-12
739,Scott,Cruz,davidgibbs@example.org,2004-04-05,F,2020-07-01
740,Courtney,Bates,brian51@example.net,2003-11-03,M,2019-05-23
741,Samuel,Harris,youngbeverly@example.org,2004-09-30,F,2023-01-20
742,Joshua,Hall,jacob91@example.org,2001-03-27,F,2018-02-23
743,Rebecca,Reilly,erin51@example.org,2001-11-25,M,2019-11-03
744,Lori,Diaz,morgancook@example.org,2002-09-19,F,2016-04-04
745,Megan,Sims,echavez@example.org,2006-02-13,M,2018-09-08
746,Jennifer,Luna,jsuarez@example.org,2005-06-26,F,2022-11-27
747,Cindy,Hampton,udavidson@example.com,2005-02-21,M,2016-05-12
748,Michael,Richmond,wendy09@example.org,2004-09-23,F,2019-10-19
749,Sarah,Sanchez,louisdiaz@example.net,2002-03-31,F,2018-12-30
750,Julian,Fuller,cardenaswendy@example.com,1999-02-03,F,2022-01-27
751,Kenneth,Duncan,stephaniegomez@example.com,2006-10-10,F,2021-11-18
752,Christopher,May,tthomas@example.org,2003-08-15,F,2019-02-27
753,Benjamin,Mendoza,ericksonpamela@example.com,1999-04-11,F,2015-10-16
754,Patrick,Hogan,jasondaniel@example.net,2004-06-28,F,2020-01-09
755,Peter,Cruz,jessica22@example.org,2003-08-31,F,2023-04-30
756,William,Lopez,christina56@example.org,2000-09-07,F,2016-02-09
757,Adam,Taylor,christine89@example.net,2002-10-02,M,2017-08-23
758,Vanessa,Sanchez,langdaniel@example.com,2000-03-31,M,2022-01-04
759,Daniel,Carroll,taylor22@example.org,2004-08-19,M,2019-10-29
760,Sean,Morris,edwardbrown@example.net,2002-07-29,F,2016-08-28
761,Michael,Hensley,nicholasguerra@example.com,2004-09-26,M,2017-11-26
762,Candace,Moyer,sheliabutler@example.com,2003-05-31,M,2017-10-11
763,Samantha,Harrell,pbell@example.net,2002-09-19,M,2016-03-04
764,Kevin,Young,daniellepalmer@example.com,2001-03-09,M,2020-05-22
765,Karen,Chase,matthewgordon@example.com,2006-03-07,M,2022-09-30
766,Elizabeth,Klein,cassandrabryant@example.org,2005-03-09,F,2021-09-10
767,Michelle,Singleton,holmesroger@example.com,2003-06-06,F,2020-10-07
768,Joseph,Sutton,nfleming@example.net,2005-11-16,F,2019-10-06
769,Kayla,Evans,ibrowning@example.org,2003-10-31,F,2022-02-15
770,Ronnie,Carter,mdunn@example.net,2001-07-14,F,2018-10-02
771,Angela,Gibson,alyssa38@example.org,2003-01-21,F,2023-05-19
772,Colton,Hunt,anthonyleonard@example.net,2001-01-21,F,2022-03-17
773,John,Wagner,birdcameron@example.net,2006-09-06,F,2020-08-31
774,Carlos,Wyatt,angelavega@example.net,2002-06-04,M,2019-11-29
775,Ray,Caldwell,myerssteven@example.org,2004-07-27,M,2022-12-24
776,Jasmine,Mendez,teresa46@example.net,2002-02-19,M,2020-03-06
777,Julie,Lee,llee@example.org,2003-07-10,M,2019-04-01
778,Bradley,Andrews,ymarshall@example.org,2003-02-19,F,2021-03-03
779,Joshua,Mitchell,ewalters@example.org,2002-12-22,M,2016-04-02
780,Mark,Conner,hendrixtim@example.com,2005-04-05,M,2018-05-06
781,William,Haney,juliebenjamin@example.net,2006-12-09,F,2018-02-18
782,Natalie,Moore,petersnicole@example.org,2001-01-24,M,2015-04-19
783,Lorraine,Lewis,dblack@example.com,1999-08-30,M,2020-03-03
784,Jennifer,Dunlap,brianna17@example.com,1999-04-30,M,2016-08-26
785,John,Murray,myersheather@example.com,1999-02-27,F,2023-09-09
786,Sandra,Harmon,wintersbrittany@example.com,1999-07-30,M,2019-06-11
787,Chelsea,Sanders,dominguezchristopher@example.com,2007-01-17,M,2020-02-01
788,Renee,Hall,flewis@example.net,2006-09-01,M,2023-09-03
789,Amber,Chen,mark33@example.com,2005-03-06,M,2021-09-06
790,Shari,Hall,stevenreynolds@example.net,2001-02-01,F,2022-01-03
791,Susan,Garcia,wendyfields@example.org,2004-09-08,F,2021-05-23
792,Brianna,Macdonald,svalenzuela@example.net,2006-01-31,F,2019-12-25
793,Ashley,Miles,vjefferson@example.org,1999-03-28,M,2018-06-02
794,Jennifer,Wade,breannabrooks@example.net,2005-12-15,M,2017-01-14
795,Stacy,Hernandez,andrew94@example.org,2002-04-01,M,2018-03-01
796,Louis,Reed,jacquelineharvey@example.net,2005-03-28,M,2016-09-21
797,Alyssa,Gonzales,tabitha54@example.net,2005-08-01,M,2015-09-13
798,Anthony,Sharp,yramirez@example.org,1999-05-22,M,2020-04-28
799,Lori,Mccarty,pamelajones@example.com,2004-03-05,M,2017-12-27
800,Kayla,Mclean,april70@example.com,2001-12-21,F,2022-09-06
801,Thomas,Allen,masonanthony@example.org,2000-08-20,F,2016-08-01
802,Mackenzie,Hunt,jordanneal@example.com,2004-07-04,F,2022-04-10
803,Nicholas,Jones,thomasowens@example.org,2006-09-22,M,2021-05-05
804,Melissa,Colon,ramseyelizabeth@example.org,2003-07-06,F,2015-09-04
805,Jeffrey,Flores,hwolf@example.net,2007-01-13,M,2021-09-08
806,Zachary,Mckinney,pbryant@example.org,2002-01-15,M,2019-04-16
807,Steven,Hopkins,lisalopez@example.com,2003-11-27,F,2020-05-15
808,Craig,Franco,sharonpatrick@example.com,2005-11-25,M,2020-10-16
809,Kathryn,Keith,srobinson@example.net,2000-01-15,F,2018-01-29
810,Carolyn,Rivera,elizabeth59@example.net,2000-05-15,F,2018-05-09
811,Renee,Wilson,murraymichael@example.org,2004-05-16,F,2018-01-20
812,Anna,Grant,johnwilliams@example.com,2000-11-11,F,2015-06-17
813,Madeline,Greene,rowlanderin@example.org,2005-03-10,F,2021-03-01
814,Amanda,Gonzalez,dpierce@example.org,2005-07-03,F,2023-05-07
815,Sonya,Acevedo,dukecrystal@example.org,2000-02-11,M,2022-12-28
816,Erik,Mcguire,haydendenise@example.com,2005-08-19,M,2017-06-27
817,Stephanie,Gillespie,matthew68@example.org,2005-12-11,F,2017-07-22
818,Rachel,Hill,brent41@example.org,2006-01-04,F,2015-05-07
819,Angela,Whitaker,plopez@example.org,2000-09-19,F,2015-10-04
820,Monica,Dickerson,treyes@example.org,2003-01-31,M,2016-05-01
821,Christian,Cantu,jonathanthomas@example.com,2000-02-04,M,2019-12-05
822,Stephen,Wilson,carterjames@example.com,2001-05-23,M,2022-07-30
823,Jennifer,Watson,btorres@example.net,2005-09-13,M,2015-07-05
824,Eric,Jones,chavezmonica@example.com,2001-05-21,F,2015-01-01
825,Carrie,Johnson,christopherwyatt@example.net,2005-10-22,M,2017-06-05
826,Jamie,Garcia,mfrederick@example.com,2000-12-02,M,2015-07-12
827,Thomas,Evans,william95@example.net,2006-12-05,M,2022-06-11
828,Brianna,Foley,vsmith@example.net,2005-06-09,F,2018-04-05
829,Brian,Coleman,david99@example.net,1999-04-28,F,2021-11-19
830,Seth,Perez,racheljohnson@example.org,2005-12-02,F,2019-01-01
831,Chris,Osborne,larry26@example.net,2003-09-27,F,2022-03-18
832,Tracy,White,harperduane@example.net,2000-12-12,M,2023-10-18
833,Luis,Harper,angelarios@example.org,2005-02-17,F,2020-08-12
834,Steven,Armstrong,lopezanthony@example.net,2000-01-20,F,2022-09-22
835,Lisa,Michael,gwendolynrobinson@example.org,2003-12-08,M,2021-12-21
836,Dawn,Jones,regina80@example.org,2002-05-14,F,2016-02-18
837,Scott,Campos,colemanpatrick@example.com,2001-09-03,M,2019-09-25
838,Brian,Pena,rwalton@example.org,2001-04-25,M,2019-03-24
839,Joseph,Willis,whernandez@example.com,2004-07-05,M,2020-09-14
840,Christina,Perez,brett02@example.org,2006-09-27,M,2023-07-04
841,Nathaniel,Miller,alicia45@example.org,2004-09-16,M,2020-06-05
842,Rachel,Harris,bcarter@example.org,2006-10-30,M,2021-01-06
843,Marissa,Floyd,tylerjason@example.com,2004-04-19,M,2020-09-10
844,Jo,Collins,smithkimberly@example.com,2007-01-21,M,2021-02-04
845,Ronald,Stone,elizabeth82@example.net,2006-12-25,M,2017-09-17
846,John,Moss,christiandavis@example.net,2003-12-21,F,2020-03-17
847,Kimberly,Martinez,kharrison@example.org,2001-08-28,F,2021-07-25
848,Henry,Glover,randytaylor@example.com,2000-10-01,F,2016-04-16
849,Jane,Cole,ryangaines@example.net,2006-10-02,F,2019-05-30
850,Tammy,Hernandez,joshuanguyen@example.org,2003-04-05,F,2016-05-30
851,Maria,Warren,robert43@example.net,2001-01-17,F,2017-02-21
852,Michaela,Beasley,ireese@example.com,2006-02-18,F,2020-02-15
853,Andrew,Williams,william29@example.com,2006-03-29,M,2019-04-10
854,Brittany,Davis,johndixon@example.com,2004-08-18,F,2019-08-28
855,Teresa,Clark,troyrogers@example.com,2001-03-27,M,2016-02-14
856,Crystal,Wells,cjones@example.com,2006-01-02,F,2022-11-23
857,Michael,Mckinney,dennisclark@example.com,2006-12-29,F,2022-04-25
858,James,Brooks,hansenjennifer@example.com,2001-07-29,M,2021-04-01
859,David,Warren,jonesmolly@example.org,1999-03-13,M,2022-03-11
860,Matthew,Leonard,jeffrey44@example.org,2006-09-09,M,2016-05-15
861,Justin,Pollard,edwardsbrandon@example.org,2005-02-28,M,2023-10-02
862,Marcus,Parrish,grahamshelly@example.com,2003-08-29,M,2015-02-24
863,Kenneth,Jones,ngarcia@example.com,2001-12-29,F,2023-12-28
864,Nathan,Reid,marquezgina@example.net,2006-02-03,M,2016-04-30
865,Christopher,Hancock,operkins@example.net,2006-08-19,M,2022-08-13
866,Andrea,Sutton,valeriewilliams@example.com,1999-04-15,F,2016-04-23
867,Vincent,Hanson,nicholas92@example.com,2004-01-09,M,2015-04-26
868,Marissa,Pittman,wvaldez@example.com,2001-08-08,M,2019-03-06
869,Barbara,Ross,mstone@example.com,2003-06-02,M,2022-12-01
870,Amanda,Hooper,marywells@example.org,2001-05-11,F,2015-07-30
871,Tara,Potts,jeffreywelch@example.org,2003-05-01,M,2023-01-15
872,Nicholas,Johns,benjaminrussell@example.com,2004-01-14,F,2022-07-14
873,Christian,Shaw,torressusan@example.net,2006-02-17,M,2016-10-17
874,Kristin,Watson,melissa10@example.com,2000-09-07,M,2020-12-14
875,Heather,Perry,lisacain@example.com,1999-02-01,F,2015-07-22
876,Phillip,Newman,pclark@example.com,2005-03-12,F,2017-07-12
877,Kevin,Hernandez,jessica78@example.net,2001-06-19,F,2015-11-09
878,Thomas,Wiggins,johnsonlisa@example.net,2002-07-09,F,2020-10-02
879,Edward,Howard,katelynthompson@example.com,2001-05-24,M,2017-11-11
880,Jennifer,Brooks,rebecca13@example.net,2000-11-17,M,2022-05-08
881,Steven,Blevins,pmartinez@example.org,2003-01-23,M,2015-08-05
882,Jason,Reynolds,wallssusan@example.org,2004-12-23,M,2020-01-02
883,Amanda,Perez,andrew21@example.com,2000-08-01,M,2017-06-10
884,Sean,Hoover,amberhuber@example.org,2000-07-19,M,2023-03-12
885,James,Hayden,lauren71@example.net,2001-11-01,M,2015-01-20
886,Amanda,Thomas,patrick55@example.org,2002-09-14,M,2020-01-26
887,Randy,Rivas,holtmeagan@example.com,2000-07-15,F,2021-07-06
888,Jennifer,Santiago,macdonalddonald@example.org,2006-04-07,M,2021-12-05
889,Michael,Smith,greenerobert@example.net,2002-02-24,M,2016-01-11
890,Charles,Stevens,david16@example.org,1999-04-08,M,2018-09-11
891,Dustin,Smith,tcoleman@example.org,2006-11-17,F,2023-06-17
892,Holly,Sexton,aprilyoung@example.com,2006-09-09,M,2015-09-13
893,Cody,Daniels,portermelanie@example.com,2005-02-26,M,2019-05-21
894,Anita,Evans,brian39@example.org,2006-05-15,M,2016-07-08
895,Dale,Dean,ggomez@example.net,2006-07-12,F,2020-10-25
896,Shawna,Moran,brendahoffman@example.org,2002-06-23,M,2021-07-26
897,Dana,Owens,kimberlynelson@example.org,2001-06-09,M,2016-07-05
898,Gregory,Ward,osmith@example.net,2003-10-27,M,2015-09-01
899,Mary,Anderson,agraham@example.org,2002-04-26,F,2015-02-12
900,Tracy,Taylor,theodorenelson@example.com,2005-05-04,F,2015-05-17
901,Charles,Olsen,udavis@example.org,2003-03-29,F,2019-04-27
902,Daniel,James,vanessa16@example.net,2002-10-20,M,2017-08-23
903,Amy,Dunn,alyssa43@example.net,2004-05-26,M,2023-10-22
904,Mark,Hall,morrisjordan@example.net,2002-02-05,M,2017-10-27
905,Thomas,Bowman,jacksonabigail@example.com,2006-11-22,M,2022-07-03
906,Christine,Silva,renee42@example.net,2003-09-27,M,2017-03-16
907,Kristina,Hill,thompsonkim@example.com,2000-11-08,F,2018-06-03
908,Brandy,Fowler,grahamdenise@example.org,2001-08-17,F,2020-03-18
909,Matthew,Wilson,lindseygregory@example.org,2000-08-12,M,2017-07-25
910,Kelly,Cook,steve31@example.net,2004-04-09,M,2019-03-21
911,Alexa,Saunders,allenryan@example.org,2006-12-03,M,2015-07-25
912,Michael,Miller,ltodd@example.com,1999-05-11,F,2015-02-05
913,Brianna,Barrett,ashley10@example.com,1999-08-25,F,2017-11-18
914,Debbie,Lopez,llee@example.net,2001-01-03,M,2016-01-20
915,Robert,Perry,andersonholly@example.com,1999-04-22,F,2016-01-10
916,Joseph,Lane,stephanieodonnell@example.net,2006-01-16,M,2022-11-05
917,Michael,Bennett,mark44@example.org,2004-08-27,F,2020-05-15
918,Michael,Butler,martinezhannah@example.com,2001-02-02,M,2021-01-02
919,Jose,Hodges,meyerbrian@example.com,2003-04-08,M,2022-07-03
920,Stephanie,Kelley,jeffrey61@example.org,2004-08-06,M,2018-07-28
921,Mary,Sandoval,xmoses@example.net,2003-09-20,F,2020-06-14
922,Nicholas,Miller,rebeccamills@example.com,2006-12-26,F,2022-10-10
923,Justin,Schultz,hendersonmegan@example.org,2000-08-07,F,2021-08-11
924,Deborah,Boone,joy75@example.com,2006-08-28,M,2021-10-01
925,Andrew,Dennis,michael61@example.org,2001-06-13,M,2021-07-07
926,Jessica,Cortez,hsmith@example.net,2004-01-28,F,2023-10-22
927,Anita,Hale,woodjim@example.com,1999-09-01,F,2023-05-09
928,Samuel,Taylor,gregorygonzales@example.com,2006-05-02,M,2016-03-06
929,Jimmy,Ferrell,melissa91@example.net,2002-09-15,F,2018-02-23
930,Katie,Escobar,jday@example.com,2001-10-14,F,2020-08-30
931,Cassandra,Lucas,xshepard@example.net,2001-03-15,M,2021-03-16
932,Clayton,Sanchez,franklinjohn@example.com,2000-09-12,F,2017-12-25
933,Elizabeth,Thomas,mahoneydavid@example.org,2005-01-22,F,2020-09-20
934,Phillip,Smith,ronald61@example.net,2003-06-06,M,2018-05-14
935,Ann,Rocha,ijohnson@example.net,2001-04-06,F,2016-02-08
936,William,Martinez,ihayes@example.org,2005-04-12,M,2021-10-24
937,Shelley,Martinez,zthomas@example.org,1999-08-13,M,2019-01-05
938,Melissa,Erickson,katelyn19@example.org,2007-01-10,F,2023-10-15
939,Krista,Lewis,markfrancis@example.net,2005-11-03,F,2022-12-06
940,Jon,Stone,mariarose@example.com,2004-01-19,F,2019-10-19
941,Rachel,Blake,ryan81@example.com,2000-07-16,M,2022-01-08
942,Natalie,Mckee,joneskatie@example.net,1999-05-10,F,2015-05-15
943,Kevin,Guerrero,esimon@example.net,2004-07-21,F,2016-03-27
944,Megan,Nelson,joshua58@example.com,2004-05-17,F,2015-01-07
945,James,Hall,traci98@example.com,2001-06-29,F,2016-03-09
946,David,Buchanan,andrewgross@example.org,1999-09-13,M,2020-09-07
947,David,Warren,allison58@example.net,1999-02-03,F,2023-02-17
948,Amanda,Davis,tranluis@example.org,2005-06-15,F,2017-02-13
949,Sara,Rogers,oliviaorr@example.org,2003-07-07,F,2019-09-08
950,Rebecca,Rivera,carlosmartinez@example.org,2004-05-12,M,2018-03-06
951,Ashley,Silva,curtis16@example.net,2000-03-10,F,2017-01-06
952,Nicholas,Walters,perrymark@example.org,1999-03-01,F,2016-05-08
953,Vincent,Young,sacosta@example.com,2001-09-13,F,2021-01-02
954,Sarah,Cole,harpertiffany@example.net,2003-10-13,F,2017-10-10
955,Brandon,Neal,christopher38@example.com,2006-08-14,F,2020-05-27
956,Madeline,Hayden,laura33@example.net,2007-01-06,F,2022-04-08
957,Megan,Brock,richardsonshelby@example.net,2001-05-12,F,2023-04-12
958,Robert,Bray,finleycharles@example.com,2004-03-04,M,2019-12-23
959,Kimberly,Moore,robertsmith@example.org,2000-06-05,M,2017-05-21
960,Victoria,Lewis,robert38@example.com,1999-06-15,F,2018-03-02
961,Jamie,Wilson,williamlopez@example.net,2002-04-27,F,2018-03-03
962,Natasha,Edwards,whitneyellis@example.com,2001-04-18,M,2023-02-12
963,Deborah,Adams,olivia70@example.com,2005-05-31,M,2022-01-02
964,Allen,Mcintyre,nmercado@example.org,2001-05-11,F,2015-03-30
965,Matthew,Fitzgerald,mark45@example.org,2002-06-05,F,2015-11-30
966,John,Floyd,pbrewer@example.com,2005-03-11,M,2020-02-13
967,Jeffrey,Myers,bryanellis@example.net,2003-01-26,F,2019-10-19
968,Joanna,Blair,amarshall@example.net,2006-03-14,F,2021-08-21
969,Andrea,Clark,ytrujillo@example.net,2000-12-24,M,2018-07-17
970,Jennifer,Webb,ustrickland@example.org,2006-08-21,M,2020-11-15
971,Erica,Martin,tvazquez@example.com,2001-02-07,F,2018-04-14
972,Teresa,Lucas,susan40@example.net,2006-11-13,M,2021-07-10
973,Jacob,Cook,natalielawson@example.org,2001-05-19,F,2023-06-28
974,Kimberly,Boone,maxwelledward@example.net,2001-10-29,M,2017-02-05
975,Elizabeth,James,xcunningham@example.net,2005-04-17,F,2019-09-27
976,Aaron,Martinez,fweaver@example.com,2006-10-02,M,2015-04-04
977,George,Lewis,roberto87@example.com,2001-04-23,M,2015-01-27
978,Cassandra,Tate,johnsonjesse@example.org,1999-08-03,M,2015-12-16
979,Bradley,Wilson,qrichmond@example.com,1999-05-01,F,2017-02-28
980,Stephanie,Villanueva,brownmolly@example.org,2004-03-09,F,2018-01-03
981,Dana,Jones,jeffrey59@example.org,1999-02-22,F,2019-05-13
982,Leah,Rodriguez,kylemoore@example.net,2006-12-11,F,2023-02-22
983,Rhonda,Lee,ufisher@example.net,2003-04-25,M,2019-04-09
984,Mary,Norman,mgrant@example.net,2004-11-18,M,2021-09-27
985,Monica,Martinez,jchurch@example.net,2006-08-27,F,2018-02-23
986,Cameron,Gonzalez,bennettsarah@example.com,2006-07-08,M,2022-07-07
987,Melissa,Morse,andrelewis@example.net,2006-10-26,F,2020-09-20
988,Brenda,Hodges,nicolerusso@example.org,2006-11-19,M,2016-10-20
989,Theresa,Hall,maryford@example.org,2006-03-25,F,2021-10-11
990,Sarah,Hughes,warnertiffany@example.com,2002-04-04,M,2021-08-28
991,Christina,Lee,laura07@example.net,2004-02-11,F,2018-10-06
992,Donna,Coleman,briannarice@example.com,2001-05-17,M,2020-03-28
993,Gerald,Barnett,martinsandra@example.net,2002-04-18,F,2017-02-01
994,David,Burns,neilbarrett@example.com,2006-08-08,M,2020-07-06
995,Darrell,Lopez,kelly59@example.com,2001-04-25,M,2021-02-17
996,Kyle,Ford,jonespatrick@example.net,2004-12-06,F,2017-01-06
997,Catherine,Mcintosh,hebertsarah@example.net,2002-09-16,F,2022-12-09
998,Carol,Hernandez,ashleewalker@example.net,2002-04-21,F,2019-08-19
999,Deborah,Cooper,dwilliams@example.com,1999-06-27,F,2018-08-05
1000,Ashley,Clark,bwilliams@example.com,2006-04-13,F,2018-03-30
